root_slp1	hw_dev	in_verbs01	hindi_gloss
*sAt kf	*सात् कृ	N	अधीन बनाना, पूर्ण रूप से किसी विशेष अवस्था को प्राप्त करना
ASAs	आशास्	N	दमन करना
ASizaM dA	आशिषं दा	N	आशीर्वाद देना
AYC	आञ्छ्	Y	लंबा करना, विस्तार करना
AgreBU	आग्रेभू	N	आगे रहना, नेतृत्व करना
AjYAM dA	आज्ञां दा	N	आज्ञा देना, आदेश देना
Andol	आन्दोल्	N	झूलना, इधर से उधर या उधर से इधर स्पन्दन
Anft	आनृत्	N	नाचना, उछालना
Ap	आप्	Y	प्राप्त करना, उपलब्ध करना, हासिल करना
ArdrIBU	आर्द्रीभू	N	पिघलना
Ardrayati	आर्द्रयति	N	गीला करना, तर करना
As	आस्	Y	बैठना, लेटना, आराम करना
AsPuw	आस्फुट्	N	आन्दोलन करना, हिलाना
Asad	आसद्	N	धारणा करना, पहनना
Atape dA	आतपे दा	N	धूप में रहना
AtmAnaM KedAya dA	आत्मानं खेदाय दा	N	अपने आपको कष्ट में फँसाना
AtmAnaM dA	आत्मानं दा	N	प्राण त्याग देना
AtmasAtkf	आत्मसात्कृ	N	अधीन करना, अपने में लीन करना
AvAs	आवास्	N	सम्पन्न करना, वास युक्त करना
Avilayati	आविलयति	N	धब्बा लगाना, कलंक लगाना
AvirBU	आविर्भू	N	प्रकट होना, उदय होना, स्पष्ट होना
Avitan	आवितन्	N	व्याप्त होना
BA	भा	Y	चमकना, उज्ज्वल होना, चमकदार या चमकीला होना
BAj	भाज्	N	बाँटना, वितरित करना
BAs	भास्	Y	चमकना, जगमगाना, जगमग करना
BAvaM Baj	भावं भज्	N	प्रेम प्रदर्शित करना
BAvaM banD	भावं बन्ध्	N	प्रेम पाश में बद्ध होना, मुग्ध होना
BAz	भाष्	Y	कहना, बोलना, उच्चारण करना
BI	भी	Y	डरना, भय खाना, भयभीत होना
BU	भू	Y	होना, घटित होना
BUz	भूष्	Y	अलंकृत करना, सजाना, श्रृंगार करना
BaR	भण्	Y	कहना, बोलना
BaRq	भण्ड्	Y	भर्त्सना करना, छिड़कना
BaYj	भञ्ज्	Y	तोड़ना, फाड़ डालना, छिन्नभिन्न करना, चूर चूर करना, टुकड़े टुकड़े करना,खण्डशः करना
BadrA kf	भद्रा कृ	N	हजामत करना, बाल मूँडना
BadrAkf	भद्राकृ	N	बाल काटना, कैंची से कुतरना, मूँड़ना
Baj	भज्	Y	हिस्से करना, वितरित करना, बाँटना
Bakz	भक्ष्	Y	खाना, निगलना
Bal	भल्	Y	देखना, अवलोकन करना
Ball	भल्ल्	Y	वर्णन करना, बयान करना, कहना
Barts	भर्त्स्	Y	धमकाना, घुड़कना
BasmAkf	भस्माकृ	N	जलाकर राख करना
BasmIBU	भस्मीभू	N	जल कर राख हो जाना
BasmIkf	भस्मीकृ	N	राख कर देना
BasmasAtBU	भस्मसात्भू	N	बिल्कुल राख बन जाना
BasmasAtkf	भस्मसात्कृ	N	राख बना देना
Baw	भट्	Y	पोषण करना, पालना पोसना, स्थिर रखना
Baz	भष्	Y	भौंकना, गुर्राना, भूंकना
Bez	भेष्	Y	डरना, त्रस्त होना, भयभीत होना
Bf	भृ	N	भरना
Bfj	भृज्	N	भूनना, तलना
Bid	भिद्	Y	 बाँटना, टुकड़े-टुकड़े कर के बाँटने वाला
Bikz	भिक्ष्	Y	पूछना, प्रार्थना करना, मांगना (द्विकर्मक)
BikzAMBram	भिक्षांभ्रम्	N	इधर-उधर मांगते फिरना
BlAS	भ्लाश्	Y	चमकना, दमकना, जगमगाना
BlAs	भ्लास्	Y	चमकना, दमकना, जगमगाना
Blakz	भ्लक्ष्	Y	खाना, निगलना
Blez	भ्लेष्	Y	जाना, हिलना-जुलना
BrAS	भ्राश्	Y	चमकना, दमकना, जगमगाना
BrAj	भ्राज्	Y	चमकना, दमकना,चमचमाना, जगमगाना
BrAs	भ्रास्	Y	चमकना, दमकना, जगमगाना
BraMS	भ्रंश्	Y	गिरना, टपकना, उलट जाना
BraMs	भ्रंस्	Y	गिरना, टपकना, उलट जाना
BraR	भ्रण्	Y	शब्द करना
BraS	भ्रश्	N	गिरना, टपकना, उलट जाना
Brakza	भ्रक्ष	N	खाना, निगलना
Bram	भ्रम्	Y	इधर-उधर घूमना, हिलना-जुलना, मारा-मारा फिरना, टहलना
Brasja	भ्रस्ज	N	तलना, भूनना, सेकना, कील पर मांस भूनना
Brej	भ्रेज्	Y	चमकना
Brez	भ्रेष्	Y	जाना, हिलना-जुलना
BrukuwiM banD	भ्रुकुटिं बन्ध्	N	बन्ध भौंहों मे बल डालना, त्योरी चढ़ाना
Bruq	भ्रुड्	Y	संचय करना, एकत्रित करना
BuRq	भुण्ड्	Y	सहारा देना, स्थापित रखना
Buj	भुज्	Y	झुकाना
Cad	छद्	Y	ढकना, ऊपर से ढाँप देना, पर्दा करना
Calayati	छलयति	N	अपनी चतुराई से बुद्धि मे दूसरे को पराजित करना, धोखा देना, ठगना
Cand	छन्द्	Y	प्रसन्न करना, तुष्ट करना
Carda	छर्द	N	वमन करना, कै करना
Cd	छ्द्	N	बिछाना, ढापना
Cfd	छृद्	N	जलाना
Co	छो	N	काटना,काट कर टुकड़े-टुकड़े करना,कटाई करना,लवनी करना
Cup	छुप्	Y	स्पर्श करना,छूना
Cur	छुर्	Y	काटना,विभक्त करना
DA	धा	Y	रखना, धरना, जड़ना, लिटा देना, भर्ती करना, तह जमाना
DAv	धाव्	Y	दौड़ना, आगे बढ़ना
DEryamavalamb	धैर्यमवलम्ब्	N	धैर्य या साहस से काम लेना
DU	धू	Y	हिलाना, क्षुब्ध करना,  कंपाना
DUmAyate	धूमायते	N	धूएँ से भर देना,  वाष्प से ढक देना, अँधेरा करना
DUmAyati	धूमायति	N	धूएँ से भर देना,  वाष्प से ढक देना, अँधेरा करना
DUp	धूप्	N	गरम करना,  गरम होना
Dakk	धक्क्	Y	ध्वस्त करना, नष्ट करना
DamaDamAy	धमधमाय्	N	जगमगाना, निगल जाना
De	धे	N	चूसना, पीना, घूट भरना, निगल जाना
Df	धृ	N	होना, विद्यमान होना, रहना, रहते रहना,  जीवित रहना
Dfz	धृष्	N	एकत्र होना, संहत होना, चोट पहुंचाना, क्षति पहुंचाना
Di	धि	Y	संभालना, रखना, अधिकार में करना
Dikkf	धिक्कृ	N	तिरस्कार करना, अवज्ञा करना, रद्द करना, बुरा भला कहना 
Dinv	धिन्व्	N	प्रसन्न करना, खुश करना, संतुष्ट करना
DiyaM banD	धियं बन्ध्	N	मन लगाना, दिल लगाना
DmA	ध्मा	N	फूंक मारना, श्वास बाहर निकालना, निःश्वसन
Dor	धोर्	Y	जल्दी जाना, अच्छे क़दम रखना, दौड़ना, दुल्की चलना
Du	धु	N	हिलाना, क्षुब्ध करना,  कंपाना
Dukz	धुक्ष्	Y	सुलगना
Dvan	ध्वन्	Y	शब्द करना, ध्वनि पैदा करना, गुनगुनाना, भिनभिनाना, गूंजना, प्रतिध्वनि करना,  गरजन
Dvas	ध्वस्	N	नीचे गिरना, गिर कर टुकड़े-टुकड़े होना, चूर-चूर हो जाना
Dvf	ध्वृ	N	झुकाना
DyE	ध्यै	N	सोचना,  मनन करना, विचार करना, चिंतन करना, विचार-विमर्श करना, कल्पना करना, याद कर
F	ॠ	N	जाना, हिलना-डुलना
GUrR	घूर्ण्	Y	इधर-उधर लुढ़कना,  इधर-उधर घूमना,  चक्कर काटना,  मुड़ना, हिलाना,  लिपटना,  लड़खड़ाना
GanIkfta	घनीकृत	N	ठोस बना देना
Gas	घस्	Y	खाना, निगलना
Gaw	घट्	Y	व्यस्त होना, प्रयत्न करना, प्रयास करना,  जानबूझ कर किसी काम में लगना
Gawwa	घट्ट	N	हिलाना, हरकत देना
Gf	घृ	N	छिड़्कना
GfR	घृण्	N	चमकना, जलना
Gfz	घृष्	N	रगड़्ना, घिसना
GrA	घ्रा	Y	सूँघना, पता लगाना, सूंघ का प्रत्यक्ष ज्ञान करना
Gu	घु	Y	शब्द करना,  हल्ला मचाना
GuR	घुण्	Y	लुढ़कना,  चक्कर खाना, लड़खड़ाना, अटेरना
Gur	घुर्	Y	शब्द करना, कोलाहल करना, खुर्राटे भरना, फुफकारना, घुरघुराना
Guw	घुट्	Y	फिर प्रहार करना,  बदला लेने के लिए प्रहार करना, मुक़ाबला करना
Guz	घुष्	Y	शब्द करना, कोलाहल करना
I	ई	N	जाना
IK	ईख्	N	जाना, हिलना-डुलना, डाँवाडोल होना
INK	ईङ्ख्	Y	जाना, हिलना-डुलना, डाँवाडोल होना
IS	ईश्	Y	राज्य करना, स्वामी होना, शासन करना, आदेश देना
Ih	ईह्	Y	कामना करना, चाहना, सोचना
Ij	ईज्	Y	जाना
Ikz	ईक्ष्	Y	देखना, ताकना, आलोचना करना, अवलोकन करना, टकटकी लगा कर देखना या घूरना
Iq	ईड्	Y	स्तुति करना
Ir	ईर्	Y	जाना, हिलना-डुलना, हिलाना
Irkzy	ईर्क्ष्य्	Y	डाह करना, ईर्ष्यालू होना, दूसरों की सफलता को देखकर असहिष्णु होना
Irzy	ईर्ष्य्	Y	डाह करना, ईर्ष्यालू होना, दूसरों की सफलता को देखकर असहिष्णु होना
Iz	ईष्	Y	उड़ जाना
JagaJagAyati	झगझगायति	N	चमक उठना, दमकना, जगमगाना, चमचमाना
KAd	खाद्	Y	खाना निगल लेना, खिलाना, शिकार करना, काट लेना
KaRq	खण्ड्	Y	तोड़ना, काटना, टुकडे-टुकडे करना, कुचलना
KaYj	खञ्ज्	Y	लँगड़ाना, ठहर-ठहर कर चलना
Kac	खच्	Y	आगे आना, प्रकट होना
Kaj	खज्	Y	मन्थन करना, बिलोना, आन्दोलित करना
Kal	खल्	Y	चलना-फिरना, हिलना-जुलना
KalIkf	खलीकृ	N	कुचलना
Kan	खन्	Y	खोदना, खनना, खोखला करना
Karba	खर्ब	N	जाना, फिरना, चलना
Karj	खर्ज्	Y	पीडा देना, बेचैन करना
Karv	खर्व्	Y	जाना, फिरना, चलना
Kel	खेल्	Y	हिलाना, इधर-उधर आना जाना
Kid	खिद्	Y	प्रहार करना, खींचना, कष्ट देना
KilIkf	खिलीकृ	N	रोकना, बाधा डालना, अगम्य बनाना, रोकना
KyA	ख्या	Y	कहना, घोषणा करना, समाचार देना
PaR	फण्	Y	चलना-फिरना,इधर-उधर घूमना
Pakk	फक्क्	Y	शनैः-शनैः चलना-फिरना,फुर्ती से जाना,सरकना,धीरे-धीरे चलना
Pal	फल्	Y	फल आना,फल पैदा करना ‘निष्पन्न या घटित करना’
Pull	फुल्ल्	Y	कली आना,फूलना,फुलाना,खिलना
QOk	ढौक्	Y	जाना, पहुँचाना
SAl	शाल्	Y	प्रशंसा करना, खुशामद करना
SAlInI kf	शालीनी कृ	N	विनयी बनाना, विनम्र करना
SAn	शान्	Y	तेज़ करना, पैनाना
SApaM dA	शापं दा	N	शाप देना
SAr	शार्	N	दुर्बल करना
SAs	शास्	Y	अध्यापन करना, शिक्षण प्रदान करना, प्रशिक्षित 
SI	शी	Y	लेटना, लेट जाना, विश्राम करना, आराम करना
SIB	शीभ्	Y	शेख़ी बघारना
SIk	शीक्	Y	तर करना, छिड़कना
SIl	शील्	Y	मध्यस्थता करना, भली भांति सोचना
SOqati	शौडति	N	घमण्डी या अहंकारी होना
SOw	शौट्	Y	घमण्डी या अहंकारी होना
SUl	शूल्	Y	बीमार होना
SUlAkf	शूलाकृ	N	नोकदार लोहे की सलाखों के सिरे पर रखकर भूनना
SUr	शूर्	Y	चोट पहुँचाना, मार डालना
SUra	शूर	N	शौर्य के कार्य करना, शक्तिशाली होना
SUz	शूष्	Y	पैदा करना, उत्पन्न करना
SaMs	शंस्	Y	प्रशंसा करना, स्तुति करना, अनुमोदन करना
SaNk	शङ्क्	Y	संदेह करना, अनिश्चित होना, संकोच करना, संदिग्ध होना 
SaW	शठ्	Y	धोखा देना,ठगना, जालसाजी करना
SaYc	शञ्च्	N	जाना, हिलना-जुलना 
SabdAyate	शब्दायते	N	कोलाहल करना, शोर करना
Sabda	शब्द	N	ध्वनि करना, शोर मचाना
SabdaM dA	शब्दं दा	N	शोर मचाना
Sac	शच्	Y	बोलना, कहना, बतलाना
Sad	शद्	Y	पतन होना, नष्ट होना, मुर्झाना, कुम्हलाना
Sak	शक्	Y	योग्य होना, सक्षम होना, सबल होना, अमल में लाना 
Sal	शल्	Y	हिलाना, हरकत देना, क्षुब्ध करना
SalB	शल्भ्	Y	प्रशंसा करना
Sam	शम्	Y	शान्त होना, चुप होना, संतुष्ट होना, प्रसन्न होना
Samb	शम्ब्	Y	जाना, हिलना-जुलना
SambAkf	शम्बाकृ	N	दोबारा हल चलाना
Sap	शप्	Y	अभिशाप देना, कोसना
SaraRaM gam	शरणं गम्	N	शरण में जाना, आश्रय लेना, सहारा लेना
SaraRam I	शरणम् ई	N	शरण में जाना, आश्रय लेना, सहारा लेना
SaraRam yA	शरणम् या	N	शरण में जाना, आश्रय लेना, सहारा लेना
Sarb	शर्ब्	Y	जाना, हिलना-डुलना
Sarv	शर्व्	Y	जाना
Sas	शस्	Y	काटना, मार डालना, नष्ट करना
Sav	शव्	N	जाना, पहुँचना
Saw	शट्	Y	बीमार होना
Scut	श्चुत्	Y	टपकना, रिसना, बहना, चूना
Scyut	श्च्युत्	N	टपकना, रिसना, बहना, चूना
Sel	शेल्	Y	जाना, हिलना-जुलना
Sf	शृ	N	फाड़ डालना, टुकड़े टुकड़े कर डालना
SfD	शृध्	N	अपान वायु छोड़ना, पाद मारना
Si	शि	N	तेज़ करना, पैनाना
SiNG	शिङ्घ्	Y	सूंघना
SiNK	शिङ्ख्	Y	जाना, हिलना-जुलना
SiTilI BU	शिथिली भू	N	ढीला होना, सुस्त होना
SiTilI kf	शिथिली कृ	N	ढीला करना, खोलना, खुला छोड़ना
SiTilayati	शिथिलयति	N	विश्राम करना, धीमा करना, ढीला करना
SiYj	शिञ्ज्	Y	टनटनाना, झनझनाना, खड़खड़ाना
Sikz	शिक्ष्	Y	सीखना, अध्ययन करना, ज्ञानार्जन करना
Sil	शिल्	Y	शिलोंछन, सिला चुगना, बालें इकट्ठा करना
SirasA mahIM yA	शिरसा महीं या	N	भूमि पर सिर झुकाना आदि
Siw	शिट्	Y	तुच्छ समझना, घृणा करना, तिरस्कार करना
Siz	शिष्	Y	चोट पहुँचाना, मार डालना
SlAG	श्लाघ्	Y	प्रशंसा करना, स्तुति करना, सराहना, गुणगान करना
SlAK	श्लाख्	Y	व्याप्त होना, प्रविष्ट होना
SlaNg	श्लङ्ग्	Y	जाना, हिलना-जुलना
SlaNk	श्लङ्क्	Y	जाना, हिलना-जुलना
SlaT	श्लथ्	Y	शिथिल या ढीलाढाला होना
Sliz	श्लिष्	Y	जलना
SloR	श्लोण्	Y	एकत्र करना, इकठ्ठा करना, बीनना
Slok	श्लोक्	Y	प्रशंसा करना, पद्य रचना करना, छन्दोबद्ध करना
SmIl	श्मील्	Y	आँख झपकना, पलक मारना, आँखे मटकना
So	शो	N	पैनाना, तेज़ करना
SoR	शोण्	Y	जाना, हिलना-जुलना
SokaM dA	शोकं दा	N	रञ्ज पैदा करना
SrA	श्रा	Y	पकाना, उबालना, भोजन बनाना, परिपक्व करना, पकना
SrAdDaM dA	श्राद्धं दा	N	श्राद्ध का अनुष्ठान करना
SrE	श्रै	N	स्वेद आना, पसीना निकलना
SrI	श्री	Y	पकाना, भोजन बनाना, उबालना, तैयार करना
SraNga	श्रङ्ग	N	जाना, हिलना-जुलना, रेंगना
SraNk	श्रङ्क्	Y	जाना, रेंगना
SraR	श्रण्	Y	देना, प्रदान करना, अर्पण करना 
Sram	श्रम्	Y	चेष्टा करना, उद्योग करना, मेहनत करना, परिश्रम करना
SramB	श्रम्भ्	Y	उपेक्षक होना, असावधान होना, लापरवाह होना
SranT	श्रन्थ्	N	दुर्बल होना
Srat	श्रत्	N	एक प्रकार का उपसर्ग जो ‘धा’ धातु के पूर्व में लगता है
Sri	श्रि	Y	जाना, पहुँचाना, सहारा लेना, दौड़ होना, बचाव के लिए पहुँच होना
Sriz	श्रिष्	Y	जलाना
SroR	श्रोण्	Y	एकत्र करना, ढेर लगाना
Sru	श्रु	Y	जाना, हिलना-जुलना
SuB	शुभ्	Y	चमकना, शानदार होना, सुन्दर या मनोहर दिखाई देना
SuD	शुध्	Y	शुद्ध या पवित्र होना, 
SuRW	शुण्ठ्	Y	पवित्र करना
SuW	शुठ्	Y	बाधा डाला जाना, रुकावट डाली जानी
Suc	शुच्	Y	खिन्न होना, दुःखी होना, शोक करना, विलाप करना
Sucy	शुच्य्	Y	स्नान करना, नहानाधोना
Suk	शुक्	Y	जाना, हिलना-जुलना
Sulb	शुल्ब्	N	देना, प्रदान करना
Sulk	शुल्क्	N	लाभ उठाना
Sulv	शुल्व्	N	देना, प्रदान करना
SumB	शुम्भ्	N	चमकना
Sun	शुन्	Y	जाना, हिलना-जुलना
SunD	शुन्ध्	N	पवित्र या विमल होना
Sur	शुर्	N	चोट पहुँचाना, मार डालना
Suz	शुष्	Y	सूखना, शुष्क होना, खुश्क होना
SvaBr	श्वभ्र्	N	जाना, हिलना-जुलना
SvaNk	श्वङ्क्	Y	जाना, हिलना-जुलना
SvaRW	श्वण्ठ्	Y	निन्दा करना
SvaW	श्वठ्	Y	निन्दा करना
SvaYc	श्वञ्च्	Y	जाना, हिलना-जुलना
Svac	श्वच्	Y	जाना, हिलना-जुलना
Svaj	श्वज्	Y	जाना, हिलना-जुलना
Sval	श्वल्	Y	दौड़ना, फुर्ती से जाना
Svalk	श्वल्क्	Y	कहना, वर्णन करना
Svall	श्वल्ल्	Y	दौड़ना
Svas	श्वस्	Y	साँस लेना, साँस निकालना, साँस खींचना
SvetIBU	श्वेतीभू	N	सफेद होना
SvetIkf	श्वेतीकृ	N	सफेद करना
Svi	श्वि	N	विकसित होना, बढ़ना , सूजना (जैसे आँख का)
Svind	श्विन्द्	Y	सफ़ेद होना
Svit	श्वित्	Y	श्वेत होना, सफ़ेद होना
SyE	श्यै	N	जाना, हिलना-जुलना
Tuq	थुड्	Y	ढकना, पर्दा डालना
Turv	थुर्व्	Y	चोट पहुँचाना, क्षति पहुँचाना
Uh	ऊह्	Y	टाँकना, अंकित करना, अवक्षेण करना
Un	ऊन्	N	घटना,घटाना
UrRu	ऊर्णु	Y	ढकना, घेरना, छिपाना
Uy	ऊय्	Y	बुनना, सीना
Uz	ऊष्	Y	रुग्ण होना, अस्वस्थ होना, बीमार होना
aBizeRayati	अभिषेणयति	N	सेना के साथ कूच करना,आक्रमण करना,सेना द्वारा शत्रु का मुकाबला करना
aBr	अभ्र्	Y	जाना,इधर उधर घूमना
aByAcakz	अभ्याचक्ष्	N	ध्यान देना
aByantarIkf	अभ्यन्तरीकृ	N	दीक्षित करना,परिचित करना
aByavapad	अभ्यवपद्	N	निरादर करना, तिरस्कार करना
aDarIkf	अधरीकृ	N	आगे बढ़ जाना, पटक देना, पराजित करना.
aDo yA	अधो या	N	डुबना
aG	अघ्	N	बुरा करना, पाप करना
aMS	अंश्	N	बांटना, वितरण करना, आपस में हिस्सा बांटना, 
aMh	अंह्	N	जाना, समीप जाना, प्रयाण करना, आरम्भ करना
aMs	अंस्	N	बांटना, वितरण करना, आपस में हिस्सा बांटना, 
aNG	अङ्घ्	Y	जाना
aNK	अङ्ख्	N	पेट के बल सरकना
aNga	अङ्ग	N	जाना, चलना
aNk	अङ्क्	Y	टेढ़ा-मेढ़ा चलना
aR	अण्	Y	शब्द करना
aS	अश्	Y	व्याप्त होना, पूरी तरह से भरना, प्रविष्ट होना
aT	अथ्	N	चोट पहुँचाना, क्षति पहुँचाना, मार डालना
aYc	अञ्च्	N	झुकाना
aYj	अञ्ज्	Y	लेपना, सानना, रंग पोतना
aYjaliM banD	अञ्जलिं बन्ध्	N	नम्र निवेदन के लिये हाथ जोड़ना
aYjaliMkf	अञ्जलिंकृ	N	हाथ जोड़कर नमस्कार करना
aYjaliMrac	अञ्जलिंरच्	N	हाथ जोड़कर नमस्कार करना
aYjalimbanD	अञ्जलिम्बन्ध्	N	हाथ जोड़कर नमस्कार करना
ac	अच्	Y	जाना, हिलना
ad	अद्	Y	खाना, निगलना
ag	अग्	N	सर्पिल गति से जाना, टेढ़े मेढ़े चलना
agniM dA	अग्निं दा	N	आग लगाना
agre yA	अग्रे या	N	आगे आगे चलना, नेतृत्व करना, मार्ग दिखाना
ah	अह्	Y	जाना, समीप जाना, प्रयाण करना, आरम्भ करना
aj	अज्	Y	जाना
ak	अक्	N	जाना, सांप की तरह टेढ़ा-मेढ़ा चलना
akz	अक्ष्	Y	पहुँचना
al	अल्	Y	सजाना
alpIkf	अल्पीकृ	N	छोटा बनाना, घटाना, संख्या में कमी करना  
am	अम्	Y	जाना,की ओर जाना
amB	अम्भ्	Y	शब्द करना, आवाज करना।
amb	अम्ब्	Y	जाना
an	अन्	Y	सांस लेना,प्रेर० आनयति,सन्नन्त०अनिनिषति।(दिवा० आ०) जीना,’प्र’ उपसर्ग के साथ-जीवि
anD	अन्ध्	N	अंधा बनाना, अंधा करना 
anUpay	अनूपय्	N	बाढ़ ला देना, भर देना
antarBu	अन्तर्भु	N	लीन होना, सम्मिलित होना
antarayati	अन्तरयति	N	बीच में डालना, हटाना, स्थगित करना,विरोध करना,
anuBU	अनुभू	N	अनुकूल आचरण करना
anuGaww	अनुघट्ट्	N	लम्बाई की ओर से सहलाना, रगड़ना
anukUlayati	अनुकूलयति	N	अनुकूल या मुआफिक होना,प्रसन्न होना
anusaMsTA	अनुसंस्था	N	अनुगमन करना, अनुसरण करना
anuyuj	अनुयुज्	N	प्रार्थना करना, याचना करना करना
anvAraB	अन्वारभ्	N	अनुरंजन करना. अनुकूल करना, प्रसन्न करना
anyATaBU	अन्याथभू	N	और तरह होना, बदलना
anyaTA man	अन्यथा मन्	N	और तरह सोचना, संदेह करना
anyaTAkf	अन्यथाकृ	N	दूसरी तरह करना, परिवर्तन करना, बदलना, बिगाड़ना, मिथ्या करना
apasavyam kf	अपसव्यम् कृ	N	दाहिनी ओर रखते हुए किसी की परिक्रमा करना, जनेऊ को दायें कंधे से लटकाना
apehi	अपेहि	N	इस शब्द का अर्थ होता है ""के  बिना"" ""निकाल कर"" सम्मिलत न करके"" 
arG	अर्घ्	Y	मूल्यवान होना,मूल्य रखना,मूल्य लगना
arT	अर्थ्	N	प्रार्थना करना,याचना करना, गिड़गिड़ाना,मांगना,अनुरोध करना,दीन भाव से मांगना
arb	अर्ब्	Y	की ओर जाना
arc	अर्च्	Y	(क) पूजा करना,अभिवादन करना,सत्कार करना, (ख) सम्मान करना अर्थात् अलंकृत करना, सजा
ard	अर्द्	Y	दुःख देना,व्यथित करना,प्रहार करना,चोट पहुँचाना,मारना
argalaM dA	अर्गलं दा	N	कुंडी लगाना,  चटखनी लगाना
arh	अर्ह्	Y	अधिकारी होना, योग्य होना
arj	अर्ज्	Y	उपार्जन करना,उपलब्ध करना,प्राप्त करना,कमाना
ark	अर्क्	N	गर्म करना
as	अस्	Y	होना,रहना,विद्यमान होना
asADu man	असाधु मन्	N	नापसंद करना
asUyati	असूयति	N	डाह करना,ईर्ष्यालु होना मान घटाना,अप्रसन्न होना,घृणा करना,असन्तुष्त होना,क्रुद्ध
astaM yA	अस्तं या	N	छिपना, अस्त होना क्षीण होना
astrARi kf	अस्त्राणि कृ	N	शस्त्रास्त्रों के प्रयोग का अभ्यास करना
at	अत्	Y	जाना, चलना, घूमना, लगातार चलते रहना
av	अव्	Y	रक्षा करना, बचाना
avACid	अवाछिद्	N	फाड़ देना, छिन्न-भिन्न कर देना
avaDIr	अवधीर्	N	अवहेलना करना, अनादर करना, नीचा दिखाना, घृणा करना, तिरस्कार करना
avaDyE	अवध्यै	N	तिरस्कार करना
avaSf	अवशृ	N	टूटना
avaci	अवचि	N	परखना, चुनना, छाँटना
avagal	अवगल्	N	नीचे गिर जाना, फिसल जाना
avahve	अवह्वे	N	पुकारना, बुलाना
avakASaM dA	अवकाशं दा	N	स्थान देना, जगह देना
avakASaM ruD	अवकाशं रुध्	N	रोकना, बाधा डालना
avanizWIv	अवनिष्ठीव्	N	किसी पर थूकना
avaplu	अवप्लु	N	नीचे छलाँग लगानी
avarIkf	अवरीकृ	N	निकट लाना
avasPUrj	अवस्फूर्ज्	N	खुर्राटें भरना, ’घुर्राटा’ करना
avataMsayati	अवतंसयति	N	कर्णाभूषण के रुप में प्रयुक्त करना, कानों की बालियाँ बनाना
avatf	अवतृ	N	पार करना
avrata	अव्रत	N	जो धार्मिक संस्कार तथा अन्य धर्मानुष्ठान का पालन न करता हो
aw	अट्	Y	इधर उधर घूमना, स्वभावतः इधर उधर घूमना जैसे कि कोई साधू संत घूमता है
aww	अट्ट्	Y	वध करना
ay	अय्	N	जाना
bAD	बाध्	Y	तंग करना, उत्पीडित करना, सताना, अत्याचार करना, छेड़ना, कष्ट देना, दुःखी करना, परे
bAq	बाड्	Y	स्नान करना
bAzpAya	बाष्पाय	N	आँसू बहाना, रोना
bIjAkf	बीजाकृ	N	बीज बोना
baBO	बभौ	N	चमका
baD	बध्	N	घिन करना, घृणा करना, अरुचि रखना, संकोच करना, झिझका, ऊबना
baDiraya	बधिरय	N	बहरा बनाना
baMh	बंह्	Y	बढ़ना, उगना
bahirgam	बहिर्गम्	N	बाहर जाना, चले जाना
bahiri	बहिरि	N	बाहर जाना, चले जाना
bahiryA	बहिर्या	N	बाहर जाना, चले जाना
bahizkf	बहिष्कृ	N	बाहर की ओर रखना, से निकालना, हाँक कर बाहर कर देना
bahu man	बहु मन्	N	बहुत मानना, बड़ा समझना, बहुत मूल्य आंकना, वरेण्य समझना, पूज्य मानना
bahulIBU	बहुलीभू	N	फैलाना, विस्तृत करना, गुणा करना
bahulIkf	बहुलीकृ	N	प्रकाशित करना, खोलना, भंडाफोड़ करना
bahuman	बहुमन्	N	बहुत सोचना, बहुत मानना, ऊँचा मूल्य लगाना, बहुमूल्य मानना,  कद्र करना
bal	बल्	Y	सांस लेना, जीना
bamb	बम्ब्	Y	जाना, चलना-फिरना
banD	बन्ध्	Y	बांधना, कसना, जकड़ना
banDUkf	बन्धूकृ	N	मित्र बनाना
barh	बर्ह्	Y	बोलना
barv	बर्व्	N	जाना, चलना-फिरना
beh	बेह्	N	उद्योग करना, चेष्टा करना, प्रयत्न करना
bfMh	बृंह्	N	बढ़ना, उगना
bfh	बृह्	N	उगना, बढ़ना, फैलाना
bid	बिद्	Y	खण्ड खण्ड करना
bil	बिल्	Y	खंड खंड करना फाड़ना, तोड़ना, बांटना, टुकड़े-टुकड़े करना
bind	बिन्द्	N	खण्ड खण्ड करना
bis	बिस्	Y	जाना, हिलना-डुलना
biw	बिट्	Y	शपथ लेना
brU	ब्रू	Y	कहना बोलना, बात करना 
buD	बुध्	Y	जानना, समझना, संबोध होना
bud	बुद्	N	प्रत्यक्ष करना, देखना, समझना, पहचानना
bukk	बुक्क्	Y	भौंकना
bul	बुल्	Y	डूबना,गोता लगाना
bunD	बुन्ध्	Y	प्रत्यक्ष करना, देखना, भांपना
bund	बुन्द्	Y	प्रत्यक्ष करना, देखना, भांपना
bus	बुस्	Y	छोड़ना, उगलना, उडलना
bust	बुस्त्	Y	सम्मान करना, आदर करना
cAy	चाय्	Y	निरीक्षण करना,  अच्छा बुरा पहचानना,  देख लेना
cIva	चीव	N	पहनना,  ओढना
cUrR	चूर्ण्	N	चूरा-चूरा करना,  कुचलना,  पीस देना
cUz	चूष्	Y	पीना,  चूसना, चूस लेना
caYc	चञ्च्	Y	चलायमान करना, लहराना, हिलाना
cad	चद्	Y	कहना, प्रार्थना करना
cah	चह्	Y	दुष्ट होना
cak	चक्	Y	तृप्त होना, सन्तुष्ट होना
cakAs	चकास्	Y	चमकना, उज्ज्वल होना 
cakz	चक्ष्	Y	देखना, पर्यवेक्षणा करना, प्रत्यक्षज्ञान प्राप्त करना
cakzurdA	चक्षुर्दा	N	नजर डालना, देखना
cal	चल्	Y	हिलाना,  काँपना,  धड़कना,  थरथराना,  स्पन्दित होना
call	चल्ल्	N	खेलना, क्रीडा करना,  प्रेमोन्माद में प्रीतिसूचक संकेत करना
cam	चम्	Y	पीना, आचमन करना,  चढ़ा जाना
camatkf	चमत्कृ	N	आश्चर्य पैदा करना, प्रदर्शन करना
camp	चम्प्	Y	जाना, चलना-फिरना
canda	चन्द	N	चमकना,  प्रसन्न होना,  खुश होना
cap	चप्	Y	सान्त्वना देना,  ढाढस देना
car	चर्	Y	चलना,  घूमना,  इधर-उधर जाना,  चक्कर  काटना,  भ्रमण करना
carc	चर्च्	Y	पढ्ना,  ध्यान पूर्वक पढ़ना,अनुशीलन करना,  अध्ययन करना
carv	चर्व्	Y	चबाना,  कुतरना,  खाना,  कोंपल चरना, काटना
caw	चट्	Y	टूटना, गिरना, अलग होना
cawulay	चटुलय्	N	इधर-उधर घूमना
cay	चय्	Y	किसी जगह जाना,  हिलना-जुलना
caz	चष्	Y	खाना
cel	चेल्	Y	जाना,  हिलना-जुलना
cezw	चेष्ट्	Y	हिलना- जुलना, हिलना- डुलना, सक्रिय होना,  जीवन के चिह्न दिखलाना
cft	चृत्	N	चोट पहुँचाना,  मार डालना
ci	चि	Y	चुनना,  बीनना,  इकट्ठा करना
cil	चिल्	Y	कपड़े पहनना,  वस्त्र धारण करना
cill	चिल्ल्	Y	ढीला होना, शिथिल होना,  पिलपिला होना
cint	चिन्त्	Y	सोचना,  विचारना,  विमर्श करना,  चिन्तन करना
cirAya	चिराय	N	विलम्ब करना,  ढील देना
ciraM kf	चिरं कृ	N	देर करना
cit	चित्	Y	प्रत्यक्षज्ञान प्राप्त करना,   देखना,  नजर डालना,   दृष्टिगोचर करना
citrIya	चित्रीय	N	आश्चर्य पैदा करना,  आश्चर्यजनक होना
cittaM banD	चित्तं बन्ध्	N	मन लगाना, दिल लगाना
ciw	चिट्	Y	भेजना,  बाहर भेजना
cud	चुद्	Y	भेजना, निर्देश देना,  आगे फेकना,  प्रेरित करना,  हाँकना,  धकेलना
culump	चुलुम्प्	N	झूलना, डोलना, इधर उधर हिलना,  दोलायमान होना
cumb	चुम्ब्	Y	चुम्बन करना
cup	चुप्	Y	शनैः शनैः चलना,  दबे पाँव चलना,  चुपचाप खिसकना
cur	चुर्	Y	लूटना,  चुराना
cut	चुत्	Y	चूना,  टपकना
cyu	च्यु	Y	गिरना, नीचे गिर पड़ना,  फिसलना, डूबना
cyut	च्युत्	Y	बूँद-बूँद गिर कर बहना,  रिसना,  चूना,  झरना
dA	दा	Y	देना, स्वीकार करना
dAn	दान्	Y	काटना, बाँटना
dE	दै	N	पवित्र करना,  शुद्ध करना
dI	दी	Y	नष्ट होना,  मरना
dIDI	दीधी	N	चमकना
dIkz	दीक्ष्	Y	किसी धर्म-संस्कार के अनुष्ठान के लिए अपने आपको तैयार करना
dIp	दीप्	Y	चमकना, जगमगाना
dU	दू	N	कष्टग्रस्त होना,  पीडित होना,  खिन्न होना
dUrIBU	दूरीभू	N	दूर रहना,  परे रहना,  अलग रहना,  फ़ासले पर रहना
dUrIkf	दूरीकृ	N	फ़ासले पर हटा देना,  हटाना,  दूर करना
daB	दभ्	Y	क्षति पहुँचाना,  चोट पहुँचाना
daD	दध्	Y	पकड़ना
daMS	दंश्	Y	काटना, डंक मारना, खा लिया, कुतर लिया
daMqa kf	दंड कृ	N	दण्ड देना
daMs	दंस्	Y	डंक मारना
daRq	दण्ड्	N	सजा देना,  जुर्माना करना,  मरम्मत करना
dad	दद्	N	देना, प्रदान करना
dah	दह्	Y	जलाना, झुलसाना
dakz	दक्ष्	Y	प्रसन्न करना
dal	दल्	Y	फट पड़ना, टुकड़े- टुकड़े होना, फट जाना, तरेड़ आ जाना
dam	दम्	Y	पाला जाना
damB	दम्भ्	N	क्षति पहुँचाना,  चोट पहुँचाना
darSanaM dA	दर्शनं दा	N	अपने आपको दिखलाना,  दूसरों की बात सुनना
darduraM kf	दर्दुरं कृ	N	वीणा बजाना
daridrA	दरिद्रा	N	निर्धन होना, गरीब होना
day	दय्	Y	दया आना,  करुणा का भाव होना,  तरस खाना,  सहानुभूति प्रदर्शित करना
de	दे	N	रक्षा करना,  पालना,  पोसना
dev	देव्	Y	क्रीड़ा करना,  खेलना,  जूआ खेलना
devasAt BU	देवसात् भू	N	बदल कर देवता बनना
df	दृ	N	आदर करना,  सम्मान करना,  पूजा करना,  प्रतिष्ठा करना
dfMh	दृंह्	N	पुष्ट करना
dfS	दृश्	N	देखना, नजर डालना,  अवलोकन करना,  समीक्षा करना,  निहारना,  दृष्टिगोचर करना
dfh	दृह्	N	स्थिर या दृढ़ होना
dfp	दृप्	N	प्रकाशित करना,  प्रज्वलित करना,  सुलगाना
diS	दिश्	Y	संकेत करना, दिखलाना, प्रदर्शन करना,  प्रस्तुत करना
dih	दिह्	Y	लीपना, सानना, पोतना, बिछाना
div	दिव्	Y	चमकना, उज्ज्वल होना
divasIkf	दिवसीकृ	N	रात को दिन में परिणत करना
dizwyA vfD	दिष्ट्या वृध्	N	बधाई देना
do	दो	N	काटना,  बाँटना
dolAya	दोलाय	N	झूलना, इधर- उधर डोलना,  इधर- उधर हिलना,  घटबढ़ होना,  आगे- पीछे होना
dozABU	दोषाभू	N	संध्या होना, सायंकाल होना
drA	द्रा	Y	सोना
drAGaya	द्राघय	N	लम्बा करना, फैलाना, विस्तार करना
draQayati	द्रढयति	N	दृढ़ करना, जकड़्ना,  कसना 
dram	द्रम्	Y	इधर-उधर जाना,  दौड़ना, इधर- उधर भागना
dru	द्रु	Y	दौड़ना, बहना, भाग जाना, प्रत्यावर्तन करना
druh	द्रुह्	Y	ईर्ष्या द्वेष करना, क्षति या द्वेष पहुँचाने की चेष्टा करना,  द्वेषपूर्वक बदला ले
du	दु	Y	जलाना, आग में भस्म करना
duh	दुह्	Y	दोहना, निचोड़ना, उद्धृत करना
dul	दुल्	Y	झूलना,  इधर- उधर हिलना- जुलना,  इधर- उधर घुमाना,  झुलाना
duz	दुष्	Y	बुरा या भ्रष्ट हो जाना,  दूषित होना,  घाटा उठाना
dviDA kf	द्विधा कृ	N	दो टुकड़े करना
dviz	द्विष्	Y	घृणा करना, पसंद न करना,  विरोधी होना
dyE	द्यै	N	घृणा करना, तिरस्कार युक्त व्यवहार करना
dyu	द्यु	Y	अग्रसर होना, मुकाबला करना, हमला करना, आक्रमण करना
dyut	द्युत्	Y	चमकना, उजला होना, जगमगाना
eD	एध्	Y	उगना, बढ़ना
eW	एठ्	Y	छेदना, रोकना, विरोध करना
ej	एज्	Y	काँपना
ez	एष्	Y	जाना, पहुँचना
f	ऋ	N	जाना, हिलना-डुलना
fC	ऋछ्	N	कड़ा, या सख्त होना
fD	ऋध्	N	सम्पन्न होना, समृद्ध होना, सफल होना
fR	ऋण्	N	जाना
fc	ऋच्	N	प्रशंसा करना, स्तुति गान करना
fj	ऋज्	N	जाना
fkz	ऋक्ष्	N	जान से मार देना
fz	ऋष्	N	जाना, पहुँचना
gAD	गाध्	Y	खड़ा होना, ठहरना, रहना
gAh	गाह्	Y	डुबकी लगाना, गोता लगाना, स्नान करना, डुबोना
gE	गै	N	गाना, गीत गाना
gF	गॄ	N	शब्द करना, पुकारना, आवाहन करना
gaR	गण्	N	गिनना, गिनती करना, गणना करना
gaYj	गञ्ज्	Y	विशेष ढंग से ध्वनि करना, शब्द करना
gad	गद्	Y	स्पष्ट कहना, कथन करना, बोलना, वर्णन करना
gah	गह्	Y	सघन या सांद्र होना
gaj	गज्	Y	चिंघाडना, दहाड़ना
gal	गल्	Y	टपकाना, चुआना, पसीजना, चूना
galB	गल्भ्	Y	साहसी या विश्वस्त होना
galh	गल्ह्	Y	कलंक लगाना, निन्दा करना
gam	गम्	Y	जाना, चलना, फिरना
gaq	गड्	Y	खींचना, निकालना
gard	गर्द्	Y	शब्द करना, दहाड़ना
garha	गर्ह	N	कलंक लगाना, निन्दा करना, झिड़की देना
garj	गर्ज्	Y	दहाड़ना, गुर्राना
garva	गर्व	N	घमंडी या अहंकारी होना
gavez	गवेष्	Y	ढूँढना, खोजना, तलाश करना, पूछताछ करना
gez	गेष्	Y	ढूँढना, खोजना, तलाश करना
gf	गृ	N	छिड़कना, तर करना, गीला करना
gfD	गृध्	N	ललचाना, इच्छा करना, लोभ वश प्रयत्नशील होना, लालायित होना, अभिलाषी होना
gfYj	गृञ्ज्	N	शब्द करना, दहाड़ना, गुर्राना आदि
gfh	गृह्	N	स्वीकार करना, प्राप्त करना, ग्रहण करना, लेना, मिलाना, लीन करना
gfj	गृज्	N	शब्द करना, दहाड़ना, गुर्राना आदि
gil	गिल्	N	निगलना
glE	ग्लै	N	विरक्ति या अरुचि अनुभव करना, काम करने को जी न करना
glah	ग्लह्	Y	जूआ खेलना, जूए में जीतना
glas	ग्लस्	Y	खाना, निगलना
gluc	ग्लुच्	Y	जाना, चलना-फिरना
golaM banD	गोलं बन्ध्	N	गोल बांधना
gom	गोम्	N	गोबर से लीपना, गोबरी फेरना
gozW	गोष्ठ्	N	एकत्र होना, इकट्ठें होना, ढेर लगाना
graT	ग्रथ्	Y	टेढ़ा होना
grah	ग्रह्	N	पकड़ना, लेना, ग्रहण करना, पकड़ लेना, थामना, लपक लेना, कसकर पकड़ना
granT	ग्रन्थ्	N	टेढ़ा होना
granTa	ग्रन्थ	N	गूंथना, बांधना, नत्थी करना
gras	ग्रस्	Y	निगलना, भसकना, खा जाना, समाप्त कर देना
gu	गु	Y	विष्ठा उत्सर्ग करना, मलोत्सर्ग करना, पखाना करना
guD	गुध्	Y	लपेटना, ढकना, आवेष्टित करना, ढांपना
guP	गुफ्	Y	गुंथना, गुंफन करना, बांधना, लपेटना
guR	गुण्	N	गुना करना
guRWa	गुण्ठ	N	 परिवृत्त करना, घेरना, लपेटना, परिवेष्टित करना
guRq	गुण्ड्	Y	ढकना, छिपाना, पीसना, चूरा करना
gud	गुद्	Y	क्रीड़ा करना, खेलना
guh	गुह्	Y	ढकना, छिपाना, परदा डालना, गुप्त रखना
guj	गुज्	Y	गुं गुं शब्द करना, गुंजार करना, गूँजना, भनभनाना
gumP	गुम्फ्	N	गुंथना, गुंफन करना, बांधना, लपेटना
gup	गुप्	Y	रक्षा करना, बचाना, आत्मरक्षा करना, रखवाली करना
gur	गुर्	Y	प्रयत्न करना, चेष्टा करना
h vf	ह् वृ	N	कुटिल होना
hA	हा	Y	जाना, हिलना-जुलना
hANgara	हाङ्गर	N	एक बड़ी मछली
hApayate	हापयते	N	छुड़वाना, परित्यक्त कराना
hApayati	हापयति	N	छुड़वाना, परित्यक्त कराना
hIyate	हीयते	N	छोड़ दिया जाना
had	हद्	Y	पुरीषोत्सर्जन, मलत्याग करना
hal	हल्	Y	हल चलाना
han	हन्	Y	मार डालना, वध करना, नाश करना, प्रहार कर देना
harzayate	हर्षयते	N	प्रसन्न करना, खुश करना, प्रसन्नता से भर जाना 
harzayati	हर्षयति	N	प्रसन्न करना, खुश करना, प्रसन्नता से भर जाना 
has	हस्	Y	मुसकराना, मन्द हंसी हंसना,
haste kf	हस्ते कृ	N	हाथ से पकड़ना, ले लेना, हाथ से ले लेना, हाथ में पकड़ लेना, अधिकार कर लेना
haw	हट्	Y	चमकना, उज्जल होना
hay	हय्	Y	जाना
heq	हेड्	N	अवज्ञा करना, अपमान करना, तिरस्कार करना
hez	हेष्	Y	घोड़े के भांति हिनहिनाना, रेंकना, दहाड़ना
hf	हृ	N	लेना, ढोना, पहुँचाना, आगे आगे चलना(इस अर्थ में बहुधा द्विकर्मक प्रयोग)
hfRIyate	हृणीयते	N	क्रुद्ध होना
hfdayaM banD	हृदयं बन्ध्	N	मन लगाना, दिल लगाना
hfdaye kf	हृदये कृ	N	ध्यान देना
hfz	हृष्	N	खुश होना, आनन्दित होना, प्रसन्न होना, हर्षित होना, बाग बाग होना, हर्षोन्मित्त हो
hiMs	हिंस्	Y	प्रहार करना, आघात करना 
hiRq	हिण्ड्	Y	जाना, घूमना, इधर उधर फिरना
hiRqA	हिण्डा	N	घूमना, या इधर उधर फिरना
hikk	हिक्क्	Y	अस्पष्ट उच्चारण करना
hil	हिल्	Y	केलिक्रीड़ा करना, स्वेच्छा से रमण करना, प्रेमालिंगन करना, कामेच्छा प्रकट करना
hlAd	ह्लाद्	Y	प्रसन्न होना, खुश होना, हर्षित होना
hlag	ह्लग्	Y	ढांपना
hlas	ह्लस्	Y	शब्द करना
hlattiH	ह्लत्तिः	N	हर्ष, प्रसन्नता
hnu	ह्नु	Y	ले जाना, लूटना, छिपा देना, वञ्चित करना
hoq	होड्	Y	उपेक्षा करना, अनादर करना 
hrAd	ह्राद्	Y	शब्द करना
hrI	ह्री	Y	शर्माना, विनीत होना
hras	ह्रस्	Y	शब्द करना
hrez	ह्रेष्	Y	घोड़ की भांति हिनहिनाना, रेंकना
hrezA	ह्रेषा	N	हिनहिनाहट
hriRIyate	ह्रिणीयते	N	क्रुद्ध होना
hu	हु	Y	(हवनकुंड में आहुति के रूप में) प्रस्तुत करना, किसी देवता के सम्मान में भेंट देना
huNkf	हुङ्कृ	N	‘हुम्’ की ध्वनि करना, दहाड़ना, चिघाड़ना, रांभना
hul	हुल्	Y	जाना
huq	हुड्	Y	जाना
huqU	हुडू	N	जाना
hurC	हुर्छ्	N	टेढ़ा होना
hval	ह्वल्	Y	जाना, हिलना-जुलना
hve	ह्वे	N	बुलाना
i	इ	Y	जाना, की ओर जाना, निकट आना
iK	इख्	Y	जाना, हिलना-डुलना
iNK	इङ्ख्	N	जाना, हिलना-डुलना,
iNg	इङ्ग्	Y	हिलना, काँपना, क्षुब्ध होना
iYja	इञ्ज	N	जाना
il	इल्	Y	जाना, चलना-फिरना
inD	इन्ध्	N	प्रज्वलित करना, जलाना, आग लगाना
iz	इष्	Y	कामना करना चाहना, प्रबल इच्छा होना
jAgf	जागृ	N	जागते रहना, खबरदार या सावधान रहना
jIv	जीव्	Y	जीना, जीवित रहना
jYA	ज्ञा	Y	जानना, सीखना, परिचित होना
jaB	जभ्	Y	सम्भोग करना
jaYj	जञ्ज्	Y	लड़ना, युद्धकरना
jaj	जज्	Y	लड़ना, युद्धकरना
jalp	जल्प्	Y	बोलना, बातें करना, संलाप करना
jam	जम्	Y	खाना
jamB	जम्भ्	N	सम्भोग करना
jan	जन्	Y	पैदा होना, उत्पन्न होना
jap	जप्	Y	मन्द स्वर में उच्चारण करना, मन ही मन में बार
jas	जस्	Y	स्वतन्त्र करना, मुक्त करना,
jaw	जट्	Y	(बालों का) जुड़ जाना, बल खाकर जटाजूट होना
jaz	जष्	Y	क्षति पहुँचाना, चोट पहुँचाना, मारना
jf	जृ	N	नम्र बनाना, नीचा दिखाना
jfB	जृभ्	N	उबासी लेना, जमुहाई लेना, 
jfmB	जृम्भ्	N	उबासी लेना, जमुहाई लेना, 
ji	जि	Y	जीतना, हराना, विजय प्राप्त करना, दमन करना
juz	जुष्	Y	प्रसन्न होना, सन्तुष्ट होना, 
jval	ज्वल्	Y	तेजी  से चलना, दीप्त होना, चमकना
jvar	ज्वर्	Y	बुख़ार या आवेश से गर्म होना, ज्वरग्रस्त होना
jyo	ज्यो	Y	परामर्श देना, नसीहत देना
kANkz	काङ्क्ष्	Y	कामना करना, चाहना, लालायित होना
kAS	काश्	Y	चमकना, उज्ज्वल या सुन्दर दिखाई देना
kAlaM kf	कालं कृ	N	मरना
kAs	कास्	Y	चमकना
kAtkf	कात्कृ	N	अपमानित करना, तिरस्कार करना
kE	कै	N	शब्द करना, ध्वनि करना 
kF	कॄ	N	बिखेरना, इधर-उधर फेंकना, उड़ेलना, डालना, तितर-बितर करना
kFt	कॄत्	N	उल्लेख करना, दोहराना, उच्चारण करना
kIl	कील्	Y	बाँधना
kIrtay	कीर्तय्	Y	उल्लेख करना, दोहराना, उच्चारण करना
kU	कू	Y	ध्वनि करना, कलरव करना
kUR	कूण्	Y	बोलना, बातचीत करना
kUj	कूज्	Y	अस्पष्ट ध्वनि करना, गूंजना, कूजना, कूकना
kUrd	कूर्द्	Y	छलाँग लगाना, कूदना
kaR	कण्	Y	शब्द करना, चिल्लाना, कराहना
kaRW	कण्ठ्	Y	विलाप करना शोक करना
kaRq	कण्ड्	Y	प्रसन्न होना, सन्तुष्ट होना
kaRqUyati	कण्डूयति	N	खुरचना, शनैः-शनैः मसलना
kaT	कथ्	N	कहना, समाचार देना
kaW	कठ्	Y	कठिनाई से रहना
kaYc	कञ्च्	Y	बान्धना
kac	कच्	Y	चिल्लाना, रोना
kad	कद्	Y	हतबुद्धि हो जाना, घबरा जाना, मन में दुःखी होना
kak	कक्	Y	कामना करना
kakzAM banD	कक्षां बन्ध्	N	कमर कसना, तैयार हो जाना
kal	कल्	Y	गिनना
kam	कम्	Y	प्रेम करना, अनुरक्त होना, प्रेम करने लगना
kamb	कम्ब्	Y	जाना, चलना-फिरना
kamp	कम्प्	Y	हिलना-डुलना, काँपना, इधर-उधर आना-जाना
kanyAM kf	कन्यां कृ	N	सतीत्वभ्रष्ट करना, कौमार्य भंग करना
kaq	कड्	Y	प्रसन्न होना, सन्तुष्ट होना
karR	कर्ण्	Y	छेद करना, सूराख करना
karRaM dA	कर्णं दा	N	ध्यान से सुनना,ज्ञात होना-
karRe kaT	कर्णे कथ्	N	कान में कहता है
karRe kf	कर्णे कृ	N	कान में डालना
kas	कस्	Y	हिलना - डुलना, जाना, पहुँचना
katT	कत्थ्	Y	शेखी बघारना, इतरा कर चलना
kav	कव्	Y	स्तुति करना
kaw	कट्	Y	जाना
kaww	कट्ट्	N	एकत्र करना,मिट्टी से ढकना
kaz	कष्	Y	मसलना, खुरचना, कसना 
kel	केल्	Y	हिलाना
kf	कृ	N	प्रहार करना, घायल करना, मार डालना
kfS	कृश्	N	दुर्बल या क्षीण होना
kft	कृत्	N	काटना, काटकर फेंक देना, विभक्त करना, फाड़ना, धज्जियाँ उड़ाना, टुकड़े-टुकड़े करना, नष
kftArTIkf	कृतार्थीकृ	N	सफल बनाना
kfz	कृष्	N	हल चलाना, खूड बनाना
kfzRIBU	कृष्णीभू	N	काला होना
kfzRIkf	कृष्णीकृ	N	उस वस्तु को जो पहले से काली नहीं है काली करना
ki	कि	Y	जानना
kilakilAyate	किलकिलायते	N	किलकारी मारना, कोलाहल करना
kit	कित्	N	चाहना
klam	क्लम्	Y	थक जाना, थककर चूर होना, अवसन्न होना
kland	क्लन्द्	Y	पुकारना, चिल्लाना
klfp	क्लृप्	N	ग्रहण करना, स्वीकार करना
kliS	क्लिश्	Y	दुःखी होना, पीड़ित होना, कष्ट होना
klid	क्लिद्	Y	गीला होना, आर्द्र होना, तर होना
kozWIku	कोष्ठीकु	N	घेरना, घेरा डालना
krI	क्री	Y	खरीदना, मोल लेना
krIq	क्रीड्	Y	खेलना, मनोरंजन करना
krUy	क्रूय्	N	चूं चूं शब्द करना
kraT	क्रथ्	Y	क्षति पहुँचाना, चोट पहुँचाना, मार डालना
krad	क्रद्	N	घबरा जाना
kram	क्रम्	Y	चलना, पर्दापण करना, जाना
krand	क्रन्द्	Y	चिल्लाना, रोना, आंसू बहाना
krap	क्रप्	Y	स्पष्ट रूप से बोलना
kroqIkf	क्रोडीकृ	N	छाती से लगाना, आलिङ्गन करना
kruD	क्रुध्	Y	गुस्से होना
kruS	क्रुश्	Y	चिल्लाना, रोना, विलाप करना, शोक मनाना
ku	कु	N	ध्वनि करना
kuR	कुण्	Y	सहारा देना, सहायता देना
kuRW	कुण्ठ्	Y	कुण्ठित, ठूण्ठा या मन्द हो जाना
kuc	कुच्	Y	कर्कश ध्वनि करना
kumAr	कुमार्	N	आग से खेलना
kumAraya	कुमारय	N	खेलना, क्रीडा करना
kunT	कुन्थ्	Y	कष्ट सहन करना
kuntr	कुन्त्र्	N	झूठ बोलना
kup	कुप्	Y	क्रुद्ध होना
kus	कुस्	Y	आलिंगन करना
kusumayati	कुसुमयति	N	फूल उत्पन्न करता है, या फूलों से सजाता है।
kuts	कुत्स्	N	गाली देना, बुरा भला कहना, निन्दा करना, कलंक लगाना
kuw	कुट्	Y	कुटील या वक्र होना
kuz	कुष्	Y	फाड़ना, निचोड़ना, खींचना, निकालना
kvaR	क्वण्	Y	अस्पष्ट शब्द करना, झनझन शब्द, टनटन शब्द
kvaT	क्वथ्	Y	उबालना, काढ़ा बनाना
kxp	कॢप्	N	योग्य होना, यथेष्ट होना, फलना, प्रकाशित करना, निष्पन्न करना, पैदा करना, ढुलकना
kzE	क्षै	N	क्षीण होना, नष्ट होना, कृश होना, ह्रास होना, मुर्झाना
kzIb	क्षीब्	N	मतवाला होना, मदोन्मत्त होना, नशे में होना
kzIrasyati	क्षीरस्यति	N	दूध की इच्छा करना
kzIv	क्षीव्	Y	मतवाला होना, मदोन्मत्त होना, नशे में होना
kzRu	क्ष्णु	Y	पैना करना, तेज करना
kzaR	क्षण्	N	चोट पहुँचाना, क्षति पहुँचाना
kzal	क्षल्	Y	धोना, धो देना, पवित्र करना, साफ करना
kzam	क्षम्	Y	अनुमति देना, इजाजत देना, चलने देना
kzamApanam	क्षमापनम्	N	क्षमा मांगना
kzan	क्षन्	Y	चोट पहुँचाना, क्षति पहुँचाना
kzap	क्षप्	Y	उपवास करना, संयमी होना
kzapaRIBU	क्षपणीभू	N	साधु होना
kzar	क्षर्	Y	बहना, सरकना
kzi	क्षि	Y	मुर्झाना, छीजना
kzip	क्षिप्	Y	फेंकना, डालना, भेजना, प्रेषित करना, विसर्जन, जाने देना
kzmAy	क्ष्माय्	Y	हिलाना, कांपना
kzu	क्षु	Y	छींकना
kzuB	क्षुभ्	Y	हिलाना, कंपित करना, क्षुब्ध करना, आन्दोलित करना
kzuD	क्षुध्	Y	भूखा होना, भूख लगना 
kzud	क्षुद्	Y	कुचलना, घिसना, कुचल डालना, रगड़ना, पीस देना
kzund	क्षुन्द्	N	कूदना
kzur	क्षुर्	Y	काटना, खुरचना
kzviq	क्ष्विड्	Y	भिनभिनाना, दाहड़ना, चहचहाना, गुर्राना, बुदबुदाना, अस्पष्ट ध्वनि करना
lA	ला	Y	लेना, प्राप्त करना, ग्रहण करना, संभालना
lAG	लाघ्	Y	बराबर होना, पर्याप्त होना, सक्षम होना
lAK	लाख्	Y	सूख जाना, नीरस होना
lAYC	लाञ्छ्	Y	भेद करना, चिह्नित करना, विशिष्ट बनाना
lAYj	लाञ्ज्	Y	कलंक लगाना, निन्दा करना
lAj	लाज्	Y	कलंक लगाना, निन्दा करना
lAq	लाड्	Y	लाडप्यार करना, पुचकारना, दुलारना
lI	ली	Y	पिघलना, विघटित होना
lOq	लौड्	Y	पागल या मूर्ख होना
lU	लू	Y	काटना, कतरना, चुटकी से पकड़ना, वियुक्त करना, विभक्त करना. तोड़ना, लुनाई करना, चुनन
lUz	लूष्	Y	चोट पहु्ंचाना, क्षतिग्रस्त करना
laB	लभ्	Y	हासिल करना,प्राप्त करना,उपलब्ध करना,अवाप्त करना
laC	लछ्	N	चिह्न लगाना,देखना
laGUkf	लघूकृ	N	हल्का करना, बोझ घटाना
laGu man	लघु मन्	N	तुच्छ समझना, घृणा करना, अपमान करना
laGutAM yA	लघुतां या	N	हलका होना
laK	लख्	Y	जाना ,हिलना जुलना
laNG	लङ्घ्	Y	उछलना,कूदना ,छलांग लगाना
laNK	लङ्ख्	Y	जाना ,हिलना जुलना
laRq	लण्ड्	Y	ऊपर को उछालना,ऊपर की ओर फेंकना
laS	लश्	Y	किसी कला का अभ्यास करना
laYj	लञ्ज्	Y	कलंक लगाना,निन्दा करना, बदनाम करना,भूनना,तलना
lag	लग्	Y	लग जाना, दृढ रहना,चिपकना, जुड़ जाना
laj	लज्	Y	लज्जित होना
lajj	लज्ज्	Y	लज्जित होना,शर्मिंदा होना
lak	लक्	Y	स्वाद लेना
lakz	लक्ष्	N	प्रत्यक्ष करना, समझना, अवलोकन करना, देखना
lal	लल्	Y	खेलना,क्रीड़ा करना,इठलाना ,किलोल करना
lamb	लम्ब्	Y	लटकना,टांगना,दोलयमान होना,
lap	लप्	Y	बोलना, बातें करना
laq	लड्	Y	 खेलाना,क्रीडा करना,हावभाव दिखाना
larb	लर्ब्	Y	जाना,हिलना,जुलना
las	लस्	Y	चमकना, दमकना, जगमगाना
lasj	लस्ज्	N	शर्मिन्दा होना, लज्जा अनुभव करना
law	लट्	Y	बालक बनना
lay	लय्	Y	जाना,हिलना,जुलना
laz	लष्	Y	चाहना, इच्छा करना, लालायित होना, उत्सुक होना
lep	लेप्	Y	जाना, हिलना-जुलना
liK	लिख्	Y	लिखना, लिख रखना, अंतरंकण करना, रेखांकन करना, उत्कीर्ण करना
liNKa	लिङ्ख	N	जाना, हिलना-जुलना
liNga	लिङ्ग	N	जाना, हिलना-जुलना
liS	लिश्	N	जाना, हिलना-जुलना
lih	लिह्	Y	चाटना
limp	लिम्प्	N	लीपना, पोतना, सानना
loc	लोच्	Y	देखना, निहारना, प्रत्यक्ष ज्ञान प्राप्त करना, निरीक्षण करना
lok	लोक्	Y	देखना, नजर डालना, प्रत्यक्ष ज्ञन प्राप्त करना
loq	लोड्	Y	पागल या मूर्ख होना
low	लोट्	Y	पागल या मूर्ख होना
lozw	लोष्ट्	Y	ढेर लगाना, अंबार लगाना
lozwAyate	लोष्टायते	N	ढेले के समान समझना
lpI	ल्पी	Y	मिलना, सम्मिलित होना, मेलजोल करना
luB	लुभ्	Y	लालच करना, लालायित होना, उत्सुक होना
luRW	लुण्ठ्	Y	जाना
luRq	लुण्ड्	Y	खसोटना, लूटना, डकैती डालना
luRw	लुण्ट्	Y	जाना
luW	लुठ्	Y	प्रहार करना, पछाड़ देना
luYc	लुञ्च्	Y	तोड़ना, खींचना, छीलना, काटना
luYj	लुञ्ज्	Y	बोलना,चमकना
luh	लुह्	Y	लालच करना, उत्सुक होना, लालायित होना
lul	लुल्	Y	लोटना, इधर-उधर लुढ़कना, इधर-उधर घूमना, करवटें बदलना
lumb	लुम्ब्	Y	सताना, तंग करना
lunT	लुन्थ्	Y	प्रहार करना, चोट पहुंचाना, मारडालना
lup	लुप्	Y	घबड़ा देना, विस्मित करना
luq	लुड्	Y	हरकत देना, क्षुब्ध करना, बिलोना, आलोडित करना
luw	लुट्	Y	मुकाबला करना, पीछे धकेलना, विरोध करना
luz	लुष्	Y	चोट पहु्ंचाना, क्षतिग्रस्त करना
lvI	ल्वी	Y	जाना, हिलना-जुलना, पहुँचना
lyI	ल्यी	Y	मिलना, सम्मिलित होना, मेलजोल करना
mA	मा	Y	मापना
mAMsIyate	मांसीयते	N	मांस के लिए लालायित रहना
mANkz	माङ्क्ष्	Y	कामना करना, इच्छा करना, लालसा करना
mAh	माह्	Y	मापना
mArg	मार्ग्	Y	खोजना, ढूंढना
mArgaM dA	मार्गं दा	N	रास्ता देना,  जाने की अनुमति देना, रास्ते से अलग हो जाना
mArj	मार्ज्	Y	निर्मल करना, स्वच्छ करना, पोंछना
mEtrIM kf	मैत्रीं कृ	N	मित्रता करना
mI	मी	N	मार डालना, विनाश करना, चोट पहुँचाना, क्षति पहुँचाना
mIl	मील्	Y	आँखें मूंदना, पलकों को बन्द करना, आँख झपकाना, झपकी
mIm	मीम्	Y	जाना, हिलना-जुलना
mIv	मीव्	Y	जाना, हिलना-जुलना
mOnaM banD	मौनं बन्ध्	N	चुप्पी साधना
mU	मू	Y	बांधना, जकड़ना, कसना
mUl	मूल्	Y	जड़ जमाना, दृढ होना, स्थिर होना
mUlaMbanD	मूलंबन्ध्	N	जड़ पकड़ना, जड जमना
mUrCAM Baj	मूर्छां भज्	N	बेहोश होना
mUtraM kf	मूत्रं कृ	N	मूत्रोत्सर्ग करना, पेशाब करना
mUtraya	मूत्रय	N	पेशाब, लघुशंका करना
mUz	मूष्	Y	चुराना, लूटना, अपहरण करना
maBr	मभ्र्	Y	जाना, हिलना-जुलना
maDya kf	मध्य कृ	N	बीच में रखना, संकेत करना
maK	मख्	Y	जाना,चलना, सरकना
maMdIkf	मंदीकृ	N	शिथिल करना, चाल धीमी करना
maNG	मङ्घ्	Y	अलंकृत करना,सजाना
maNKa	मङ्ख	N	जाना,चलना, सरकना
maNg	मङ्ग्	Y	जाना, हिलना-जुलना
maNk	मङ्क्	Y	जाना, हिलना- जुलना
maR	मण्	Y	बजाना, गुनगुनाना
maRW	मण्ठ्	N	प्रबल अभिलाष करना
maRd	मण्द्	N	पीकर धुत्त होना
maRq	मण्ड्	Y	अलंकृत करना, सजाना
maRqalIBU	मण्डलीभू	N	वृत्त बनाना
maRqalIkf	मण्डलीकृ	N	कुंडलाकार या वृत्ताकार बनाना, लपेटना
maRqalaM banD	मण्डलं बन्ध्	N	मंडल बनाना, गोल बांध कर बैठना
maRqalayati	मण्डलयति	N	गोल या वृत्ताकार बनाना
maS	मश्	Y	भिनभिनाना, गुंजन करना, ऊं ऊं करना 
maT	मथ्	Y	बिलोना, मथना (प्रायः द्विकर्मक)
maW	मठ्	Y	रसना, वसना
maYc	मञ्च्	Y	थामना
mac	मच्	Y	दुष्ट होना
mad	मद्	Y	उत्तमपुरुष सर्वनाम के एक वचन का रुप जो प्रायः समस्त शब्दों के आरम्भ में प्रयुक्त
madrAkf	मद्राकृ	N	बाल काटना, कैंची से कुतरना, मूँड़ना
mah	मह्	Y	सम्मान करना, आदर करना, बड़ा मानना, पूजा करना, श्रद्धा रखना, महत्वपूर्ण समझना
makk	मक्क्	Y	जाना, हिलना-जुलना
makz	मक्ष्	Y	इकट्ठा होना, ढेर लगना, सञ्चय करना
mal	मल्	Y	थामना, अधिकार में रखना
malinayati	मलिनयति	N	मैला करना, मलिन करना, कलंकित करना, दूषित करना, धब्बा लगाना, बिगाड़ना
mall	मल्ल्	Y	थामना, अधिकार में करना
mamb	मम्ब्	Y	जाना, हिलना-जुलना
man	मन्	Y	घमण्ड करना
manT	मन्थ्	N	बिलोना, मथना (प्रायः द्विकर्मक)
manaH banD	मनः बन्ध्	N	मन लगाना, दिल लगाना
manaH kf	मनः कृ	N	मन को स्थिर करना, विचारों को निर्दिष्ट करना,
manasA gam	मनसा गम्	N	सोचना, चिन्तन करना, याद करना
manasAkf	मनसाकृ	N	सोचना, मध्यस्थता करना
manasi kf	मनसि कृ	N	सोचना, दृढ़ निश्चय करना, संकल्प करना
manasi udBU	मनसि उद्भू	N	मन को पार करना
mandAyate	मन्दायते	N	शनैः शनैः चलना, विलम्ब करके चलना, पिछड़ना, मटरगश्त करना, देर लगाना
mandI BU	मन्दी भू	N	ढीला होना, कम ताकतवर होना
mandI kf	मन्दी कृ	N	ढीला-ढाला करना
mano dA	मनो दा	N	किसी बात में मन लगाना
mantr	मन्त्र्	N	सलाह लेना, विचार करना, सोच विचार करना, मन्त्रणा करना, परामर्श लेना
marb	मर्ब्	Y	जाना, हिलना-जुलना
marc	मर्च्	Y	लेना
mas	मस्	Y	तोलना, मापना, पैमाइश करना
masj	मस्ज्	N	स्नान करना, डुबकी लगाना, पानी में गोता लगाना
mask	मस्क्	Y	जाना, हिलना-जुलना
matiM DA	मतिं धा	N	मन लगाना, निश्चय करना, सोचना
matiM budDiM kf	मतिं बुद्धिं कृ	N	सोचना, इरादा करना, अभिप्राय होना
matiM kf	मतिं कृ	N	मन लगाना, निश्चय करना, सोचना
matimADA	मतिमाधा	N	मन लगाना, निश्चय करना, सोचना
mav	मव्	Y	जाना, हिलना-जुलना
mavy	मव्य्	Y	बांधना
may	मय्	Y	जाना, हिलना-जुलना
maz	मष्	Y	चोट पहुंचाना, क्षति पहुंचाना, मार डालना, नष्त करना
me	मे	N	विनिमय करना, अदला बदली करना
meD	मेध्	N	मिलना
meT	मेथ्	N	मिलना
mep	मेप्	Y	जाना, हिलना-जुलना
meq	मेड्	Y	पागल होना
mev	मेव्	Y	पूजा करना, सेवा करना, टहल करना
mew	मेट्	Y	पागल होना
mf	मृ	N	मरना, नष्ट होना, मृत्यु को प्राप्त होना, जीवन से विदा लेना
mfD	मृध्	N	गीला होना या गीला करना
mfR	मृण्	N	वध करना, हत्या करना, नष्ट करना
mfS	मृश्	N	स्पर्श करना, हाथ से पकड़ना
mfd	मृद्	N	निचोड़ना, दबाना, भींचना
mfg	मृग्	N	ढूंढना, खोजना, तलाश करना
mfj	मृज्	N	शब्द करना
mfkz	मृक्ष्	N	रगड़ना
mfz	मृष्	N	छिड़कना
mi	मि	Y	फेंकना, डालना, बखेरना
miS	मिश्	Y	शोर करना, कोलाहल करना
miSr	मिश्र्	N	मिलाना, गड्डमड्ड करना, जोड़ना, घोलना, संयुक्त करना, बढाना
miT	मिथ्	Y	सहकारी बनना
miTyABU	मिथ्याभू	N	झूठ निकलना
micC	मिच्छ्	N	विध्न डालना, बाधा डालना
mid	मिद्	Y	चिकना या स्निग्ध होना
mih	मिह्	Y	मूत्रोत्सर्ग करना
mil	मिल्	Y	सम्मिलित होना, मिलना, साथ होना
mind	मिन्द्	N	सहकारी बनना
minv	मिन्व्	Y	छिड़कना,तर करना
miz	मिष्	Y	आंख खोलना, झपकना
mlE	म्लै	N	मुर्झाना, कुम्हलाना
mlakz	म्लक्ष्	Y	काटना, विभक्त करना
mleC	म्लेछ्	N	अव्यवस्थित रुप से बोलना, अस्फुत स्वर से बोलना, या बर्बरतापूर्वक बोलना
mlecC	म्लेच्छ्	N	अव्यवस्थित रुप से बोलना, अस्फुत स्वर से बोलना, या बर्बरतापूर्वक बोलना
mleq	म्लेड्	N	पागल होना
mlev	म्लेव्	Y	पूजा करना, सेवा करना
mlew	म्लेट्	Y	पागल होना
mluYc	म्लुञ्च्	Y	जाना, हिलना-जुलना
mluc	म्लुच्	Y	जाना, हिलना-जुलना
mnA	म्ना	Y	दोहराना
mokz	मोक्ष्	N	छोड़ना, स्वतंत्र करना, मुक्त करना, मुक्ति देना
mrad	म्रद्	Y	पीसना, चूरा करना, कुचलना, रौंदना
mrakz	म्रक्ष्	Y	रगड़ना
mruYc	म्रुञ्च्	Y	जाना, हिलना-जुलना
muKarIkf	मुखरीकृ	N	शब्द करवाना, बुलवाना, प्रतिध्वनित करवाना
muKaraya	मुखरय	N	प्रतिध्वनित या कोलाहलमय करना, गुंजाना
muR	मुण्	Y	प्रतिज्ञा करना
muRq	मुण्ड्	Y	क्षौर कर्म करना, मूंडना
muRw	मुण्ट्	Y	कुचलना, पीसना
muYj	मुञ्ज्	N	स्वच्छ करना, निर्मल करना
muc	मुच्	Y	 धोखा देना, ठगना
mud	मुद्	Y	मिलाना, घोलना
mudraya	मुद्रय	N	मोहर लगाना
muh	मुह्	Y	मुर्झाना, मुर्छित होना, चेतना नष्ट होना, बेहोश होना
muj	मुज्	Y	स्वच्छ करना, निर्मल करना
mukulIkf	मुकुलीकृ	N	कली की भांति मुंदना
munT	मुन्थ्	N	जाना, हिलना-जुलना
mur	मुर्	Y	घेरना, अन्तर्वृत्त करना, परिवृत्त करना, लिपटना
murC	मुर्छ्	N	ठोस बनाना, जमना, गाढ़ा होना
murv	मुर्व्	Y	बांधना, कसना
mus	मुस्	Y	फाड़ना, विभक्त करना, टुकड़े-टुकड़े करना
must	मुस्त्	Y	ढेर लगाना, इकट्ठा करना, संग्रह करना, संचय करना
muw	मुट्	Y	कुचलना, तोड़ना, पीसना, चूरा करना
muz	मुष्	Y	चुराना, उठा लेना, लूटना, डाका डालना, अपहरण करना
muzwiM banD	मुष्टिं बन्ध्	N	मुट्ठी बांधना
nASaM yA	नाशं या	N	नष्ट होना
nAT	नाथ्	Y	निवेदन करना, प्रार्थना करना, किसी बात की याचना करना
nAyakAyate	नायकायते	N	नायक का अभिनय करना
nI	नी	Y	ले जाना, नेतृत्व करना, लाना, पहुँचाना, लेना, संचालन करना
na man	न मन्	N	अवज्ञा करना, अवहेलना करना
naKAni kf	नखानि कृ	N	नाखून साफ करना
naS	नश्	Y	खोया जाना, अन्तर्धान होना, लुप्त होना,  अदृश्य होना
nad	नद्	Y	शब्द करना, कलकल ध्वनि करना, गरजना
nah	नह्	Y	बांधना, बंधनयुक्त करना, ऊपर से चारो ओर से या एक जगह बांधना, कमर कसना
nam	नम्	Y	झुकना, नमस्कार करना, अभिवादन करना
namasyati	नमस्यति	N	नमस्कार करना, श्रद्धांजलि अर्पित करना, पूजा करना
nand	नन्द्	Y	प्रसन्न होना, हर्षित होना, खुश होना, सन्तुष्ट होना, हर्ष प्रकट करना
nard	नर्द्	Y	गरजना, दहाड़ना, शब्द करना
narmay	नर्मय्	N	रिझाना, दिल बहलाना
nawa	नट	N	नाचना
nay	नय्	Y	जाना
nft	नृत्	N	नाचना, इधर उधरहिलना
niculay	निचुलय्	N	बक्स में बन्द करना, ढकना
nidrAM Baj	निद्रां भज्	N	सोना
nidrAM yA	निद्रां या	N	सो जाना
nigaqaM dA	निगडं दा	N	हथकड़ी डालना, शृंखला में बाँधना
nigup	निगुप्	N	छिपाना, गुप्त रखना
nij	निज्	Y	धोना, निर्मल करना, स्वच्छ करना
nind	निन्द्	N	दोष देना, निंदा करना, छिद्रान्वेषण करना, बुरा भला कहना, डांटना, फटकारना, धिक्कार
nipat	निपत्	N	विफल होना, अपरिपक्व अवस्था में ही नष्ट हो जाना
nirBarts	निर्भर्त्स्	N	आगे बढ़ जाना, ग्रहण लगना, लज्जित करना
nirviS	निर्विश्	N	घर में बस जाना
nivft	निवृत्	N	वापिस आना
niviS	निविश्	N	फेंकना, बन्दूक का निशाना बनाना
nivizwa	निविष्ट	N	कृष्ट, आवर्धित
nizk	निष्क्	Y	तोलना, मापना
nizpatrA kf	निष्पत्रा कृ	N	बाण से इस प्रकार बींधना जिससे कि पंख विद्ध जन्तु के आर पार निकल जाय, अत्यन्त पीड़
nu	नु	Y	प्रशंसा करना, स्तुति करना, श्लाषा करना
nud	नुद्	Y	धकेलना, धक्का देना, हांकना, ठेलना, प्रोत्साहित करना
nyUnayati	न्यूनयति	N	घटना, कम करना
oK	ओख्	Y	सूख जाना
oj	ओज्	Y	सक्षम या योग्य होना
olaRq	ओलण्ड्	Y	ऊपर की ओर फेंकना, ऊपर उछालना
olaj	ओलज्	Y	फेंक देना,उछाल देना
pA	पा	Y	पीना, एक सांस में चढ़ा जाना
pARO kf	पाणौ कृ	N	हाथ में थामना, विवाह करना
pAraM gam	पारं गम्	N	पार जाना, ऊपर चढ़ना
pAraM yA	पारं या	N	पार जाना, स्वामी होना, पार कर जाना, आगे बढ़ जाना
pE	पै	N	सूखना, मुरझाना
pI	पी	Y	पीना
pIq	पीड्	Y	पीडित करना, सताना, नुक़सान पहुँचाना, घायल करना, क्षति पहुँचाना, तंग करना, छेड़ना, 
pIv	पीव्	Y	मोटा- ताजा या हृष्ट पुष्ट होना
pU	पू	Y	पवित्र करना, छानना, शुद्ध करना
pUR	पूण्	Y	एक जगह ढेर लगाना, संचय करना, राशि लगाना
pUj	पूज्	Y	आराधना करना, पूजा करना, अर्चना करना, सम्मान करना, सादर स्वागत करना
pUl	पूल्	Y	ढेर लगाना, संचय करना, एकत्र करना
pUr	पूर्	N	भरना, पूर्ण करना
paMS	पंश्	Y	नष्ट करना
paMs	पंस्	N	नष्ट करना
paR	पण्	Y	व्यापार करना, लेन-देन करना, खरीदना, मोल लेना
paRq	पण्ड्	Y	जाना, हिलना-जुलना
paW	पठ्	Y	जोर से पढ़ना या दोहराना, सस्वर पाठ करना, पूर्वाभ्यास करना
pac	पच्	Y	पकाना, भूनना, भोजन बनाना
pad	पद्	Y	जाना, हिलना-जुलना
padIkf	पदीकृ	N	वर्गमूल , निकालना
padaM kf	पदं कृ	N	कदम रखना
padaM yA	पदं या	N	पद प्राप्त करना
pakz	पक्ष्	Y	लेना, ग्रहण करना
pan	पन्	Y	प्रशंसा करना, स्तुति करना
parR	पर्ण्	N	हराभरा करना
pard	पर्द्	Y	पाद मारना, अपानवायु छोड़ना
pariBU	परिभू	N	आगे बढ़ जाना
pariGrA	परिघ्रा	N	सर्वत्र चुम्बन करना
parihf	परिहृ	N	निराकरण करना
parikaraM banD	परिकरं बन्ध्	N	कमर कसना, तैयार हो जाना
parikaraM banDa	परिकरं बन्ध	N	कमर कसना, तैयार होना, किसी कार्य के लिए अपने आपको सज्जित करना
parikaraM kf	परिकरं कृ	N	कमर कसना, तैयार होना, किसी कार्य के लिए अपने आपको सज्जित करना
parikzip	परिक्षिप्	N	बुरा भला कहना
parityaj	परित्यज्	N	किश्ती से उतरना
parive	परिवे	N	अन्तर्ग्रथित करना, जोड़ना
pat	पत्	Y	गिरना, गिर पड़ना, नीचे आना, उतरना
paw	पट्	Y	जाना, हिलना-जुलना
payoDarIBU	पयोधरीभू	N	स्तन का काम देना
pel	पेल्	Y	जाना, चलना-फिरना
pezIkf	पेषीकृ	N	कुचलना, पीस देना
pf	पृ	N	व्यस्त होना, सक्रिय होना
pfT	पृथ्	N	विस्तार करना
pfTak kf	पृथक् कृ	N	अलग २ करना, बाँटना, जुदा-जुदा करना, विश्लेषण करना
pfc	पृच्	N	संपर्क में आना
pfj	पृज्	N	संपर्क में आना, स्पर्श करना
pfzWataH kf	पृष्ठतः कृ	N	पीठ पर रखना, पीछे छोड़ना
pfzWato BU	पृष्ठतो भू	N	पीछे खड़े होना
pfzWato gam	पृष्ठतो गम्	N	अनुसरण करना
pi	पि	Y	जाना, हिलना-जुलना
piRq	पिण्ड्	N	इकट्ठा करके पिंडी या गोला बनाना
piRqIBU	पिण्डीभू	N	गोले या लौंदे बनाना
piRqa kf	पिण्ड कृ	N	गोले बनाना, निष्पीडित करना, ढेर लगाना
piS	पिश्	Y	रूप देना, वनाना, निर्माण करना
piYj	पिञ्ज्	Y	हल्के रंग की, पुट देना, रगना
pil	पिल्	Y	फेंकना, डालना
pis	पिस्	Y	जाना, चलना
piz	पिष्	Y	कूटना, पीसना, चूरा करना, कुचलना
plI	प्ली	Y	जाना, चलना-फिरना
plah	प्लह्	N	जाना, चलना-फिरना
plev	प्लेव्	Y	सेवा करना, हाजरी देना, सेवा मे उपस्थित रहना
plu	प्लु	Y	बहना, तैरना
pluz	प्लुष्	Y	जलाना, झुलसना, धकधकाना, गर्म लोहे से दागना
pluzwa	प्लुष्ट	N	झुलसाया गया, जलाया गया, दागा गया
prARAn dA	प्राणान् दा	N	प्राण दे देना
prAdurBu	प्रादुर्भु	N	उदय होना, दिखाई देना, प्रकट होना
prArT	प्रार्थ्	N	आश्रय लेना, सहारा लेना
prI	प्री	Y	प्रसन्न करना, खुश करना, सन्तुष्ट करना,  आनन्दित करना
prItiM banD	प्रीतिं बन्ध्	N	प्रेम पाश में बद्ध होना, मुग्ध होना
praRiDIBU	प्रणिधीभू	N	गुप्तचर का काम करना
praSaMs	प्रशंस्	N	भविष्यवाणी करना
praT	प्रथ्	Y	बढ़ना
pracC	प्रच्छ्	N	पूछना, सवाल करना, प्रश्न करना, पूछताछ करना
pradA	प्रदा	N	ऋण परिशोध करना
pradakziRa kf	प्रदक्षिण कृ	N	बाईं ओर से दाईं ओर को जाना
praguRI kf	प्रगुणी कृ	N	सीधा करना, क्रम से रखना, व्यवस्थित करना
praguRIBU	प्रगुणीभू	N	अपने आप को योग्य बनाना, पात्रता प्राप्त करना
prahA	प्रहा	N	छोड़ देना, हार जाना
prahi	प्रहि	N	मुड़ना, उन्मुख होना
prahvayati	प्रह्वयति	N	विनीत करना, वशवर्ती बनाना
prajfmB	प्रजृम्भ्	N	जम्हाई लेना
prakf	प्रकृ	N	विवेक करना, भेद करना
prakfti yA	प्रकृति या	N	फिर स्वाभाविक अवस्था को प्राप्त करना
prakfz	प्रकृष्	N	वेग से खींचना
pramARI kf	प्रमाणी कृ	N	अधिकारी मानना या समझना
pramARayati	प्रमाणयति	N	अधिकृत समझना, प्रमाण स्वरूप मानना
prapaYcayati	प्रपञ्चयति	N	दिखलाना, प्रदर्शन करना
pras	प्रस्	Y	बच्चे को जन्म देना
prasf	प्रसृ	N	विषण्ण होना
prasfp	प्रसृप्	N	छा जाना, फैल जाना
pratI	प्रती	N	मुकाबला करना
pratibrU	प्रतिब्रू	N	उत्तर देना
pratigad	प्रतिगद्	N	उत्तर देना
pratijYAmAruh	प्रतिज्ञामारुह्	N	वचन देना, प्रतिज्ञा करना
prativacaH dA	प्रतिवचः दा	N	उत्तर देना
pratyaBinanda	प्रत्यभिनन्द	N	बदले में नमस्कार करना
pratyuttaraM dA	प्रत्युत्तरं दा	N	उत्तर देना
pravaRIkf	प्रवणीकृ	N	रुचि पैदा करना, झुकना
prayA	प्रया	N	ग्रस्त होना, अपने ऊपर लेना, उठाना
preNKol	प्रेङ्खोल्	N	झूलना, हिलना, डांवाडोल होना
prez	प्रेष्	Y	जाना, चलना-फिरना
proT	प्रोथ्	N	समान होना, जोड़ का होना,  मुकाबला करना
proccal	प्रोच्चल्	N	यात्रा पर प्रस्थान करने वाला
prorRu	प्रोर्णु	N	अच्छी तरह ढक लेना, चादर लपेट लेना
pru	प्रु	Y	जाना, चलना-फिरना
pruz	प्रुष्	Y	जलाना, खा-पी जाना
psA	प्सा	Y	खाना, निगल जाना
puMs	पुंस्	Y	कुचलना, पीसना
puRq	पुण्ड्	N	पीसना, चूरा करना, चूर्ण बना देना या पीस डालना
punarBU	पुनर्भू	N	फिर विवाह करना
punardA	पुनर्दा	N	वापिस देना, लौटाना
puq	पुड्	Y	छोड़ना, त्याग देना, तिलांजलि दे देना
purIzaM kf	पुरीषं कृ	N	टट्टी फिरना
puroBU	पुरोभू	N	अग्रसर होना, आगे खड़े होना
purv	पुर्व्	Y	भरना
putrIkf	पुत्रीकृ	N	पुत्र के रूप में गोद लेना
puw	पुट्	Y	आलिंगन करना, लिपटना
puz	पुष्	Y	पोषण करना, (छाती से लगाकर) दूध पिलाना, पालना, पोसना, शिक्षित करना
puzp	पुष्प्	N	खुलना, धौंकना या फूंकना, विस्तार करना, खिलना
pyAy	प्याय्	N	फूलना, मोटा होना, बढ़ना
pyE	प्यै	N	बढ़ना, वृद्धि को प्राप्त होना, मोटा होना
qI	डी	Y	उड़ना, हवा में से गुज़रना
qamB	डम्भ्	Y	इकट्ठा करना
qamb	डम्ब्	Y	फेंकना, भेजना
rA	रा	Y	देना, अनुदान देना, समर्पण करना
rAD	राध्	Y	राज़ी करना, मनाना, प्रसन्न करना
rAgaM banD	रागं बन्ध्	N	प्रेम पाश में बद्ध होना, मुग्ध होना
rAj	राज्	Y	चमकाना, जगमगाना, शानदार या सुन्दर प्रतीत होना, प्रमुख होना
rAs	रास्	Y	क्रंदन करना, चिल्लाना, किलकिलाना, शब्द करना, हूहू करना
rI	री	N	टपकना, बूंद-बूंद गिरना, रिसना, पसीजना, बहना
rUkzIkf	रूक्षीकृ	N	ऊबड़-खाबड़ करना, मैला करना, मिट्टी लथेड़ना
rUp	रूप्	N	रूप बनाना, गढ़ना
raB	रभ्	Y	आरंभ करना
raD	रध्	Y	चोट पहुँचाना, क्षति पहुँचाना, संताप देना मार डालना, नष्ट करना
raMh	रंह्	Y	हिलना-जुलना, वेग से चलना, जल्दी करना
raNK	रङ्ख्	Y	जाना
raR	रण्	N	ध्वनि करना, टनटनाना, झुनझुनाना, झनझनाना (पायजेब आदि का)
raYj	रञ्ज्	N	रंगे जाने के योग्य, लाल रंग से रंगना, लाल होना, चमकना
rac	रच्	Y	व्यवस्थित करना, सज्जित करना, तैयार करना, बना लेना, रचना करना 
rad	रद्	Y	टुकड़े टुकड़े करना, फाड़ना
radaH	रदः	N	टुकड़े टुकड़े करना, खुरचना
rah	रह्	Y	छोड़ देना, त्याग देना, परित्याग करना, तिलांजलि देना, छोड़कर अलग हो जाना 
rahaRam	रहणम्	N	छोड़ कर भाग जाना, परित्याग कर देना, अलग हो जाना
rakz	रक्ष्	Y	रक्षा करना, चौकीदारी करना, देखभाल करना, पहरा देना (पशु आदि) पालन, राज्य करना, (प
ram	रम्	Y	प्रसन्न होना, खुश होना, हर्ष मनाना, तृप्त होना
ranD	रन्ध्	N	जाना
ranDanam	रन्धनम्	N	क्षति पहुंचाना, सन्ताप देना, नष्ट करना
ranDiH	रन्धिः	N	क्षति पहुंचाना, सन्ताप देना, नष्ट करना
ras	रस्	Y	दहाड़ना, हूहू करना, चिल्लना, चीखना
raw	रट्	Y	चिल्लाना, चीत्कार करना, चीखना, क्रंदन करना, दहाड़ना, चिघाड़ना
ray	रय्	Y	जाना, हिलना-जुलना
rez	रेष्	Y	दहाड़ना, हूहू करना, किलकिलाना
ri	रि	Y	जाना, हिलना-जुलना
riNK	रिङ्ख्	Y	रेंगना, दबे पाँव चलना
riNg	रिङ्ग्	Y	रेंगना, दबे पाँव चलना
riP	रिफ्	Y	कटकटाने का शब्द करना
ric	रिच्	Y	खाली करना, रिताना, साफ करना, निर्मल करना
riktIkf	रिक्तीकृ	N	रिक्त करना,खाली करना
riz	रिष्	Y	क्षति पहुँचाना, चोट पहुँचाना, ठेस पहुँचाना
ru	रु	Y	क्रंदन करना,  हूहू करना, चिल्लाना, चीख़ना, जोर से बोलना, दहाड़ना (मक्खियों का) भनभ
ruD	रुध्	Y	इदं रुणद्धि मां पद्ममन्तःकूजितषट्पदम् @ विक्रम* ४/२१, रुद्धालोके नरपतिपथे @ मेघ*
ruS	रुश्	N	चोट पहुँचाना, जान से मार डालना, नष्ट करना
ruc	रुच्	Y	चमकाना, सुन्दर या शानदार दिखलाई देना, जगमगाना
rud	रुद्	Y	क्रंदन करना, रोना, विलाप करना, शोक मनाना, आँसू बहाना
ruh	रुह्	Y	उगना, फूटना, अंकुरित होना, उपजना
ruj	रुज्	Y	तोड़ कर टुकड़े-टुकड़े करना,  नष्ट करना
rup	रुप्	Y	वर्णन करना
ruz	रुष्	Y	रूसना, नाराज होना, क्षुब्ध होना
sAD	साध्	Y	पू्रा करना, समाप्त करना, संपन्न करना
sADAraRIBU	साधारणीभू	N	समान होना
sADanIBU	साधनीभू	N	साधन होना,उपाय होना
sADu man	साधु मन्	N	भला सोचना, अनुमोदन करना, संतोषजनक समझना
sAcIkf	साचीकृ	N	मोड़ना, एक ओर झुकाना, टेढ़ा करना
sAkzAtkf	साक्षात्कृ	N	अपनी आँखों से देखना, स्वयं जान लेना
sAm	साम्	N	खुश करना, ढाढस बँधाना, तसल्ली देना
sAntv	सान्त्व्	N	शान्त करना, खुश करना, सुलह करना, ढाढ़स-बँधाना, आराम पहुँचाना
sAw	साट्	N	बतलाना, प्रकट करना
sE	सै	N	बर्बाद होना, क्षीण होना, नष्ट होना
sIk	सीक्	Y	छिड़कना, छोटी-छोटी बूंदों में बखेरना
sImantayati	सीमन्तयति	N	बालों को अलग-अलग करना
sKad	स्खद्	Y	काटना, काट कर टुकड़े टुकड़े करना
sKal	स्खल्	Y	लड़खड़ाना, औंधे मुँह गिरना, नीचे गिरना, फिसलना, डगमगाना
sKuq	स्खुड्	Y	ढकना
sOhfdaM banD	सौहृदं बन्ध्	N	मैत्री करना
sPAy	स्फाय्	Y	मोटा होना, बड़ा होना, विस्तारयुक्त होना, विशाल होना
sPaRw	स्फण्ट्	Y	फूट पड़ना, खिलना, फूलना
sPal	स्फल्	Y	कांपना, थरथराना, धड़कना, लरजना
sPar	स्फर्	Y	थरथराना, फरकना
sPaw	स्फट्	Y	फट पड़ना, फूलना
sPiw	स्फिट्	Y	चोट पहुँचाना, क्षतिग्रस्त करना, मार डालना
sPiwwa	स्फिट्ट	N	चोट पहुँचाना आदि
sPuRw	स्फुण्ट्	Y	खोलना, फुलाना
sPul	स्फुल्	Y	कांपना, धड़कना, धकधक करना
sPuq	स्फुड्	Y	ढकना
sPur	स्फुर्	Y	थरथराना, फरकना
sPurcC	स्फुर्च्छ्	N	फैलना, विस्तृत होना
sPurj	स्फुर्ज्	N	गरजना, गरजनध्वनि, धमाधम होना, विस्फोट होना
sPuw	स्फुट्	Y	फट जाना, अकस्मात् फूट जाना, टूट जाना, अचानक विदीर्ण होना, दरार पड़ना, भंग होना
sPuww	स्फुट्ट्	N	तिरस्कार करना, अपमान करना, निरादर करना
sTA	स्था	Y	खड़ा होना
sTUlayati	स्थूलयति	N	बड़ा होना, हुष्ट पुष्ट होना, मोटा होना
sTag	स्थग्	Y	ढांपना, छिपाना, गुप्त रखना, परदा डालना
sTuq	स्थुड्	Y	ढकना
sU	सू	N	उत्पन्न करना, पैदा करना, जन्म देना
sUc	सूच्	N	बीधना
sUd	सूद्	Y	प्रहार करना, चोट पहुँचाना, घायल करना, मार डालना, नष्ट करना
sUr	सूर्	N	दृढ़ करना या दृढ़ होना
sUrRa	सूर्ण	N	चोट पहुँचाया हुआ, क्षतिग्रस्त
sUrkz	सूर्क्ष्	Y	सम्मान करना, आदर करना
sUtr	सूत्र्	N	बांधना, कसना, धागा डालना, नत्थी करना
sUz	सूष्	Y	फल प्रस्तुत करना, उत्पन्न करना, पैदा करना, जन्म देना
saBAj	सभाज्	N	अभिवादन करना, प्रणाम करना, नमस्कार करना, श्रद्धांजलि अर्पित करना, बधाई देना
saKyaM banD	सख्यं बन्ध्	N	मैत्री करना
saMSayamAruh	संशयमारुह्	N	जोखिम उठाना, सन्दिग्धावस्था में होना आदि
saMSri	संश्रि	N	संभोगसुख के लिए पहुँचना
saMSuD	संशुध्	N	शुद्ध करना,सुरक्षित रखना
saMdaMS	संदंश्	N	काटना,  डंक मारना
saMgrAmaM dA	संग्रामं दा	N	लड़ना
saMhf	संहृ	N	विपथगामी करना,भटकाना,भ्रष्ट करना
saMketaM dA	संकेतं दा	N	नियुक्ति करना
saMraB	संरभ्	N	डरना
saMsTA	संस्था	N	निर्माण करना
saMsev	संसेव्	N	सम्मिलन करना
saMsf	संसृ	N	स्थगित करना,उठा रखना
saMskf	संस्कृ	N	संचय करना
saMvad	संवद्	N	परस्पर मिलाना
saMvyas	संव्यस्	N	व्यवस्थित करना,एकत्र करना
saMyam	संयम्	N	रोकना,दमन करना,दबाना
saNgam	सङ्गम्	N	दे देना,सौप देना
saNklfp	सङ्क्लृप्	N	और्ध्वदेहिक कृत्य करना।अन्त्येष्टि करना
saW	सठ्	Y	समाप्त करना, पूरा करना
saYj	सञ्ज्	Y	संलग्न होना, जुड़े रहना, चिपके रहना
saYjYAM Apad	सञ्ज्ञां आपद्	N	फिर चैतन्य प्राप्त करना
saYjYAM laB	सञ्ज्ञां लभ्	N	फिर चैतन्य प्राप्त करना
saYjYAM pratipad	सञ्ज्ञां प्रतिपद्	N	फिर चैतन्य प्राप्त करना
saYjap	सञ्जप्	N	प्रतिवेदन देना,वक्तव्य देना
sad	सद्	Y	बैठना, बैठ जाना, आराम करना, लेटना, लेट जाना, विश्राम करना, बस जाना
sah	सह्	Y	सन्तुष्ट करना
sal	सल्	Y	जाना, हिलना-जुलना
sam	सम्	Y	विक्षुब्ध या अव्यवस्थित होना
samADA	समाधा	N	पहनना
samBf	सम्भृ	N	उठाना
samatAM nI	समतां नी	N	समान व्यवहार करना
samayAkf	समयाकृ	N	समय बिताना
samb	सम्ब्	Y	जाना, हिलना-जुलना
sambAkf	सम्बाकृ	N	दो बार हल चलाना
san	सन्	Y	प्रेम करना, पसन्द करना
sannI	सन्नी	N	 भरना,पूर्ण करना
sap	सप्	Y	सम्मान करना, पूजा करना
sarb	सर्ब्	Y	जाना, हिलना-जुलना
sarj	सर्ज्	Y	अवाप्त करना, उपलब्ध करना
sarv	सर्व्	N	चोट पहुँचाना, क्षतिग्रस्त करना, वध करना
sas	सस्	Y	सोना
sasj	सस्ज्	N	संलग्न होना, जुड़े रहना, चिपके रहना
satkf	सत्कृ	N	सम्मान करना, सत्कार करना
satyaM brU	सत्यं ब्रू	N	सच बोलना
saw	सट्	Y	बांटना, भाग बनाना
saww	सट्ट्	Y	क्षति पहुँचाना, मार डालना
say	सय्	Y	जाना, हिलना-जुलना
sbf	स्बृ	N	शब्द करना, सस्वर पाठ करना
sek	सेक्	Y	जाना, हिलना-जुलना
sel	सेल्	Y	जाना, हिलना-जुलना
setuM banD	सेतुं बन्ध्	N	पुल बनाना, सेतु का निर्माण करना
sev	सेव्	Y	सेवा करना, सेवा में उपस्थित रहना, सम्मान करना, पूजा करना, आज्ञा मानना
sf	सृ	N	जाना, हिलना-जुलना, प्रगति करना
sfB, sfmBa	सृभ्, सृम्भ	N	चोट पहुँचाना, क्षतिग्रस्त करना, वध करना
sfj	सृज्	N	रचना करना, पैदा करना, बनाना, प्रसव करना, जन्म देना
sfp	सृप्	N	रेंगना, पेट के बल चलना, शनैः शनैः सरकना
si	सि	Y	बांधना, कसना, जकड़ना
siD	सिध्	Y	सम्पन्न होना, पूरा होना
sic	सिच्	Y	छिड़कना, छोटी-छोटी बूंदों में बखेरना
sinv	सिन्व्	Y	गीला करना, भिगोना
siv	सिव्	N	सीना, रफ़ू करना, तुरपना, टांका लगाना
siw	सिट्	Y	अवज्ञा करना, घृणा करना
skamB	स्कम्भ्	N	रचना
skanD	स्कन्ध्	Y	एकत्र करना
skand	स्कन्द्	Y	कूदना
sku	स्कु	Y	कूद कर चलना, उछलना, चौकड़ी भरना
skund	स्कुन्द्	Y	कूदना
smIl	स्मील्	Y	झपकना, आँख से संकेत करना
smf	स्मृ	N	प्रसन्न होना, संतुष्ट होना
smftipaTaM gam	स्मृतिपथं गम्	N	मरना
smftivizayaM gam	स्मृतिविषयं गम्	N	मरना
smi	स्मि	Y	मुस्कराना, हँसना
smiw	स्मिट्	Y	अपमानित करना, घृणा करना, नफरत करना
snA	स्ना	Y	स्नान करना, नहाना, पानी में डुबकी लगाना
snE	स्नै	N	पट्टी बांधना, लपेटना, सुडौल करना, आवृत्त करना, परिवेष्टित करना
snas	स्नस्	Y	बसना
snih	स्निह्	Y	स्नेह रखना, स्नेहानुभूति होना, प्रेम करना, प्रिय होना
snu	स्नु	Y	टपकना, स्रवन करना, बू्ंद-बूंद गिरना, स्रवित होना, पड़ना, रिसना, चूना
snuh	स्नुह्	Y	उलटी करना, कै करना
so	सो	N	वध करना, नष्ट करना
spF	स्पॄ	N	आघात करना, मार डालना
spaS	स्पश्	Y	अवरुद्ध करना
spand	स्पन्द्	Y	धड़कना, धकधक करना
sparD	स्पर्ध्	Y	स्पृह करना, होड़ लगाना, मुकाबला करना, प्रतिद्वन्द्विता करना, प्रतियोगिता करना
sparS	स्पर्श्	Y	लेना, पकड़ना, छूना
sparz	स्पर्ष्	Y	गीला या तर होना
spazwIkf	स्पष्टीकृ	N	साफ करना, प्रकट करना, व्याख्या खोल कर कहना
spf	स्पृ	N	मुक्त करना, उद्धार करना
spfS	स्पृश्	N	छूना
spfh	स्पृह्	N	कामना करना, लालायित होना, इच्छा करना, उत्सुक होना, चाहना
srE	स्रै	N	उबालना
sraMh	स्रंह्	Y	विश्वास करना, भरोसा करना
sraMs	स्रंस्	Y	गिरना, नीचे गिर पड़ना
sramB	स्रम्भ्	N	विश्वास करना
srek	स्रेक्	Y	जाना, गतिशील होना
sriB	स्रिभ्	Y	चोट पहुँचाना, मार डालना
srimB	स्रिम्भ्	N	चोट पहुँचाना, मार डालना
sriv	स्रिव्	N	जाना
sru	स्रु	Y	बहना, धारा निकलना, चूना, रिसना, बूँद बूँद करके गिरना, टपकना
stE	स्तै	N	पहनना, अलंकृत करना
stFh	स्तॄह्	N	प्रहार करना, चोट पहुँचाना, मार डालना
stIm	स्तीम्	Y	गीला या तर होना
staB	स्तभ्	Y	रोकना, बाधा डालना, पकड़ना, दबाना
stak	स्तक्	Y	मुकाबला करना
stamB	स्तम्भ्	N	रोकना, बाधा डालना, पकड़ना, दबाना
stan	स्तन्	Y	आवाज करना, शब्द करना, गूंजना, प्रतिध्वनि करना
stas	स्तस्	N	घबरा जाना, व्याकुल होना
sten	स्तेन्	N	चुराना, लूटना
step	स्तेप्	Y	रिसना
stf	स्तृ	N	फैलाना, छितराना, ढकना, बिछाना
stfha	स्तृह	N	प्रहार करना, चोट पहुँचाना, मार डालना
stfkza	स्तृक्ष	N	जाना
stiG	स्तिघ्	Y	चढ़ना
stim	स्तिम्	Y	गीला या तर होना
stip	स्तिप्	Y	रिसना, बूंद-बूंद टपकना, झरना
stu	स्तु	Y	प्रशंसा करना, सराहना करना, स्तुति करना, स्तुतिगान करना, कीर्तिगान करना, ख्याति क
stuB	स्तुभ्	Y	प्रशंसा करना
stuc	स्तुच्	Y	उज्जवल होना, चमकना, निर्मल स्वच्छ होना
stumB	स्तुम्भ्	N	रोकना
stup	स्तुप्	N	ढेर लगाना, संचित करना, चट्टा लगाना, एकत्र करना
stya	स्त्य	N	ढेर के रुप में एकत्र किया जाना, इधर-उधर फैलाना, विकीर्ण होना
su	सु	Y	जाना, हिलना-जुलना
suKAkf	सुखाकृ	N	प्रसन्न करना
svAd	स्वाद्	N	पसन्द किया जाना, मधुर होना, स्वाद में रुचिकर होना
svaNga	स्वङ्ग	N	जाना, हिलना-जुलना
svaW	स्वठ्	N	जाना
svaYj	स्वञ्ज्	N	आलिंगन करना, कौली भरना
svad	स्वद्	Y	पसन्द किया जाना, मधुर होना, स्वाद में रुचिकर होना
sval	स्वल्	N	जाना, हिलना-जुलना
svan	स्वन्	Y	शब्द करना, कोलाहल करना
svap	स्वप्	Y	सोना, नींद आ जाना, सोने जाना
svar	स्वर्	Y	दोष निकालना, कलंक लगाना, बुरा भला कहना, निंदा करना
svard	स्वर्द्	Y	चखना, स्वाद लेना
svask	स्वस्क्	N	जाना, हिलना-जुलना
svek	स्वेक्	Y	जाना
svf	स्वृ	N	शब्द करना, सस्वर पाठ करना
sviq	स्विड्	N	स्वेद आना, पसीना आना
syam	स्यम्	Y	शब्द करना, जोर से चिल्लाना, चीखना
syand	स्यन्द्	N	रिसना, चूना, टपकना, बूँद बूँद गिरना, स्रवित होना, अर्क निकालना, बहना
tAlaM dA	तालं दा	N	तालियाँ बजाना
tAy	ताय्	Y	किसी समान रेखा में प्रगति करना, फैलाना, विस्तार करना
tIk	तीक्	Y	जाना, हिलना जुलना
tIm	तीम्	Y	गीला होना, तर होना
tUR	तूण्	Y	सिकोड़ना
tUr	तूर्	N	जल्दी से जाना, शीघ्रता करना
taNga	तङ्ग	N	जाना, चलना-फिरना
taNk	तङ्क्	Y	सहन करना, बर्दाश्त करना
taRq	तण्ड्	Y	प्रहार करना
taYc	तञ्च्	Y	सिकोड़ना, सिकुड़ना
takz	तक्ष्	Y	चीरना, काटना, छीलना, छेनी से काटना, टुकड़े-टुकड़े करना, खण्डशः करना
tam	तम्	Y	दम घुटना, रुद्ध श्वास होना
tan	तन्	Y	फैलाना, विस्तारकरना, लम्बा करना, तानना
tantr	तन्त्र्	N	हकूमत करना, नियन्त्रण करना, प्रशासन करना
tap	तप्	Y	चमकना, प्रज्वलित होना
tapasyati	तपस्यति	N	तपस्या करना, 
taq	तड्	Y	पीटना, मारना, टकराना
tard	तर्द्	Y	क्षति पहुँचाना, चोट पहुँचाना
tarj	तर्ज्	Y	धमकाना, घुड़कना, डराना
tarka	तर्क	N	कल्पना करना, अटकल करना, शंका करना, विश्वास करना, अन्दाज लगाना, अनुमान करना
tay	तय्	Y	जाना, हिलना-जुलना
tf	तृ	N	पार पहुँच जाना, पार करना
tfMh	तृंह्	N	मारना, चोट पहुँचाना
tfRAya man	तृणाय मन्	N	तिनके जैसा समझना, हल्का मूल्य लगाना, तुच्छ समझना
tfRIkf	तृणीकृ	N	तिनके की भाँति तुच्छ एवं हीन समझना
tfRavat man	तृणवत् मन्	N	तिनके जैसा समझना, हल्का मूल्य लगाना, तुच्छ समझना
tfd	तृद्	N	फाड़ना, खण्डशः करना, चीरना
tfh	तृह्	N	क्षति पहुँचाना, आघात पहुँचाना, मार डालना, प्रहार करना
tfp	तृप्	N	संतुष्ट होना, प्रसन्न होना, परितुष्ट होना
tfz	तृष्	N	प्यासा होना
tij	तिज्	Y	सहन करना, वहन करना, साथ निर्वाह, साहस के साथ भुगतना
tim	तिम्	Y	आर्द्र करना, गीला करना, तर करना
tirayati	तिरयति	N	छिपाना, गुप्त रखना
tiroBU	तिरोभू	N	ओझल होना
tiryak kf	तिर्यक् कृ	N	एक ओर रख देना
trE	त्रै	N	रक्षा करना, प्ररक्षित रखना, बचाना, प्रतिरक्षा करना
trap	त्रप्	Y	शर्माना, लजाना, झंझट में फँस जाना
tras	त्रस्	Y	थर्राना, काँपना, हिलना, भय के कारण विचलित होना
truw	त्रुट्	Y	फाड़ना, तोड़ना, टुकड़े-टुकड़े करना, तड़कना, फिसल जाना
tuB	तुभ्	Y	चोट मारना, क्षति पहुँचाना, प्रहार करना
tuR	तुण्	Y	टेढ़ा करना, मोड़ना, झुकाना
tuYj	तुञ्ज्	N	निकालना, भींचकर निकालना, रस निकालना
tud	तुद्	Y	प्रहार करना, घायल करना, आघात करना
tul	तुल्	Y	तोलना, मापना
tulAmAruh	तुलामारुह्	N	समानता के स्तर पर होना
tulayA Df	तुलया धृ	N	तराजू में रखना, तोलना
tuz	तुष्	Y	प्रसन्न होना, सन्तुष्ट होना, परितृप्त होना, खुश होना
tvaNga	त्वङ्ग	N	जाना, हिलना-जुलना
tvaYca	त्वञ्च	N	जाना
tvakz	त्वक्ष्	Y	कतरना, बक्कल उतारना, छीलना
tvar	त्वर्	Y	शीघ्रता करना, जल्दी करना, वेग से चलना, फुर्ती से कार्य करना
tviz	त्विष्	Y	चमकना, जगमगाना, दमकना, दहकना
tyaj	त्यज्	Y	छोड़ना, त्यागना, उत्सर्ग करना, चले जाना
uB	उभ्	Y	संसीमित करना
uK	उख्	Y	जाना, हिलना-डुलना
uNK	उङ्ख्	N	जाना, हिलना-डुलना
uYC	उञ्छ्	Y	बालें इकट्ठी करना, बीनना
ubj	उब्ज्	Y	भींचना, दबाना
uc	उच्	Y	संचय करना, एकत्र करना 
ucC	उच्छ्	N	बांधना
uccak	उच्चक्	N	टकटकी लगा कर देखना, निडर होकर देखना
uccumb	उच्चुम्ब्	N	मुख ऊपर उठाकर चुम्बन करना
ud	उद्	Y	स्थान, पद, या शक्ति की दृष्टि से श्रेष्ठता, उच्च, उद्गत, ऊपर, पर, अतिशय, ऊँचाई प
ud-Svi	उद्-श्वि	N	सूजना, बढ़ना, विकसित होना
udAnI	उदानी	N	उठाना, उन्नत करना
udBU	उद्भू	N	विचार करना, सोचना
udDf	उद्धृ	N	विकृत करना, नष्ट करना
udakaM kf	उदकं कृ	N	पितरों को जल का तर्पण करना
udapAs	उदपास्	N	फेंक देना, परित्याग कर देना
udayaM yA	उदयं या	N	उदय होना
ude	उदे	N	ऊपर जाना, उठना, उन्नत होना
udvAS	उद्वाश्	N	विलाप करते हुए नाम लेना, शोकाधिक्य के कारण रोने में नाम ले लेकर क्रन्दन करना
udvij	उद्विज्	N	मनुष्य को होश में लाना
udyudas	उद्युदस्	N	पूर्णतः छोड़ देना, त्याग देना
ujJ	उज्झ्	Y	त्यागना, छोड़ना, तिलांजलि देना
ukz	उक्ष्	Y	छिड़कना, गीला करना, तर करना, बरसाना
ulaN	उलङ्	N	बाहर फेंक देना,प्रक्षेपण
ullas	उल्लस्	N	हिलाना,लहराना
umB	उम्भ्	N	संसीमित करना
und	उन्द्	N	आर्द्र करना, तर करना, स्नान करना
unmanIBU	उन्मनीभू	N	उत्तेजित होना, क्षुब्ध होना
unmfd	उन्मृद्	N	मसलना, मालिश करना
upADA	उपाधा	N	फुसलाना, चरित्रभ्रष्ट करना
upAGrA	उपाघ्रा	N	सूँघना
upAkram	उपाक्रम्	N	टूट पड़ना, हमला बोलना
upAlaB	उपालभ्	N	मारने के लिए पकड़ना
upArud	उपारुद्	N	किसी बात के लिए रोना
upaBf	उपभृ	N	धारण करना, वहन करना
upaDA	उपधा	N	धोखा देना
upaDAv	उपधाव्	N	पूजा करना
upaGrA	उपघ्रा	N	सूंघना
upaSak	उपशक्	N	यत्न करना, सहायता करना
upacCal	उपच्छल्	N	क्षीण होना, पकड़ लेना
upadaMS	उपदंश्	N	चटनी, अचार आदि खाना
upagam	उपगम्	N	पूजा करना
upagras	उपग्रस्	N	निगलना, हड़प करना, ग्रहणग्रस्त होना
upahA	उपहा	N	उतरना, नीचे आना
upanimreq	उपनिम्रेड्	N	प्रसन्न करना
upanizev	उपनिषेव्	N	अपने-आपको संलग्न करना
uparamB	उपरम्भ्	N	प्रतिध्वनि कराना, गुंजाना
upasAD	उपसाध्	N	दमन करना
upasaMvraj	उपसंव्रज्	N	अन्दर कदम रखना, घुसना, प्रविष्ट होना
upasaYj	उपसञ्ज्	N	संलग्न होना
upavIkz	उपवीक्ष्	N	देखना
upeड़्kIy	उपेड़्कीय्	N	ऐसा व्यवहार करना जैसा कि भेड़ के साथ किया जाता है।
urIkf	उरीकृ	N	अनुमति देना, अनुज्ञा देना, स्वीकृति देना
urarIkf	उररीकृ	N	सहमति देना, अनुमति देना, स्वीकार करना
utkayati	उत्कयति	N	बेचैन या आतुर बना देता है।
utkvaT	उत्क्वथ्	N	उबाल कर सत्त्व निकालना, उबाला जाना, उपभुक्त किया जाना
utsfj	उत्सृज्	N	व्यवस्थित करना, जमाना, निश्चित करना
uz	उष्	Y	जलाना, उपभोग करना, खपाना
vA	वा	Y	हवा का चलना
vAD	वाध्	N	तंग करना, उत्पीडित करना, सताना, अत्याचार करना, छेड़ना, कष्ट देना, दुःखी करना, परे
vAMC	वांछ्	N	अभिलाषा करना, चाहना
vAMkz	वांक्ष्	N	अभिलाषा करना, इच्छा करना
vAS	वाश्	Y	दहाड़ना, क्रदंन करना, चीत्कार करना, चिल्लाना, हू हू करना, (पक्षियों का) गुनगुनाना
vAcaM dA	वाचं दा	N	भाषण देना
vAcyatAM yA	वाच्यतां या	N	कलङ्कित या निन्दित होना
vAh	वाह्	Y	प्रयत्न करना, चेष्टा करना, उद्योग करना
vAq	वाड्	N	स्नान करना, गोता लगाना
vAs	वास्	N	सुगंधित करना, सुवासित करना, धूप देना, धूनी देना, खूशबूदार, करना
vAt	वात्	N	हवा का चलना
vAvft	वावृत्	N	छांटना, पसन्द करना, चुनना, प्रेम करना
vE	वै	N	सूखना, शुष्क होना
vEraM banD	वैरं बन्ध्	N	घृणा पैदा होना, शत्रुता
vI	वी	Y	जाना, हिलना-जुलना
vIB	वीभ्	N	शेखी मारना, डींग मारना
vIj	वीज्	Y	जाना
vaBra	वभ्र	N	जाना, हिलना-जुलना
vaD	वध्	Y	मारना, कतल करना
vaK	वख्	Y	जाना, हिलन-जुलना
vaMh	वंह्	N	बढ़ना, उगना
vaNKa	वङ्ख	N	जाना, हिलन-जुलना
vaNg	वङ्ग्	Y	जाना
vaR	वण्	Y	शब्द करना, ध्वनि करना
vaRW	वण्ठ्	Y	अकेले जाना, बिना किसी को साथ लिए चलना
vaRq	वण्ड्	Y	बाँटना, हिस्से करना, अंश बनाना
vaRw	वण्ट्	Y	बांटना, अशं बनाना, विभाजन करना, हिस्से करना
vaS	वश्	Y	चाहना, इच्छा करना, लालसा करना
vaSIkf	वशीकृ	N	बस में करना, हावी होना, जीत लेना, मुग्ध करना, जादू से बस में करना
vaSaM AnI	वशं आनी	N	अधीन करना, वश में करना जीत लेना
vaSaM gam	वशं गम्	N	अधीन होना, मार्ग से हट जाना, दब जाना, विनीत होना
vaSaM i	वशं इ	N	अधीन होना, मार्ग से हट जाना, दब जाना, विनीत होना
vaSaM nI	वशं नी	N	अधीन करना, वश में करना जीत लेना
vaSaM yA	वशं या	N	बस में होना, अधिकार में आना
vaSe kf	वशे कृ	N	जीतना, वश में करना, दमन करना
vaW	वठ्	Y	बलवान् या शक्तिशाली होना
vaYc	वञ्च्	Y	जाना, पहुँचना
vac	वच्	Y	कहना, बोलना
vad	वद्	Y	कहना, वोलना, उच्चारण करना, संबोधित करना, बातें करना
vah	वह्	Y	ले जाना, नेतृत्व करना, धारण करना, वहन करना, परिवहन करना
vahnisAtakf	वह्निसातकृ	N	आग लगा देना,अग्नि में जला देना
vaj	वज्	Y	जाना, हिलना-जुलना, इधर-उधर घूमना
vakk	वक्क्	Y	जाना, हिलना-जुलना
vakz	वक्ष्	Y	वृद्धि को प्राप्त होना, बढ़ना
val	वल्	Y	जाना, पहुंचाना, जल्दी करना
valB	वल्भ्	Y	खाना, निगलना
valayI BU	वलयी भू	N	करधनी या कंकण का काम देना
valayI kf	वलयी कृ	N	कंकण बनाना
valg	वल्ग्	Y	हिलना-जुलना, जाना, इधर उधर घुमना 
valh	वल्ह्	Y	प्रमुख होना, सर्वोत्तम होना
valk	वल्क्	Y	बोलना
vall	वल्ल्	Y	ढकना
valyUl	वल्यूल्	N	काट डालना
valyul	वल्युल्	N	काट डालना
vam	वम्	Y	वमन करना, थूक देना, मुँह से बाहर निकालना 
van	वन्	Y	संमान करना, पूजा करना
vanD	वन्ध्	N	जाना
vand	वन्द्	Y	प्रणाम करना, सादर नमस्कार करना, श्रद्धांजलि प्रदान करना
vap	वप्	Y	बोना, (बीज) विखेरना, पौधा लगाना
var	वर्	Y	माँगना, चुनना, छाँटना, खोच करना
varD	वर्ध्	Y	काटना बाँटना, मूँडना
varR	वर्ण्	N	रंग करना, रोगन करना, रंगना
varaM dA	वरं दा	N	वर देना
varaM vf	वरं वृ	N	वर मांगना
varaM yAc	वरं याच्	N	वर मांगना
varc	वर्च्	Y	चमकाना, उज्ज्वल या आभायुक्त होना
varh	वर्ह्	N	बोलना
varivasyati	वरिवस्यति	N	अनुग्रह करना,कृपा करना
vas	वस्	Y	रहना, बसना, निवास करना, ठहरना, डठे रहना, वास करना
vask	वस्क्	Y	जाना, हिलना-जुलना
vast	वस्त्	N	क्षति पहुँचाना, हत्या करना
vatsalayati	वत्सलयति	N	उत्कण्ठा पैदा करना, उत्सुक बनाना, स्नेहयुक्त करना
vaw	वट्	Y	घेरना
vay	वय्	Y	जाना, हिलना-जुलना
vaz	वष्	Y	क्षति पहुँचाना, चोट मारना, वध करना
vazk	वष्क्	Y	जाना, हिलना-जुलना
ve	वे	N	बुनना
veR	वेण्	Y	जाना, हिलना-जुलना
veT	वेथ्	Y	प्रार्थना, निवेदन करना, कहना
veh	वेह्	Y	उद्योग करना, चेष्टा करना, प्रयत्न करना
vehl	वेह्ल्	Y	जाना, हिलना-जुलना
vel	वेल्	Y	जाना, हिलना-जुलना
vell	वेल्ल्	Y	जाना, हिलना-जुलना
ven	वेन्	Y	जाना, हिलना-जुलना
vep	वेप्	N	कांपना, हिलना, थरथराना, लरजना
vevI	वेवी	Y	जाना
vezw	वेष्ट्	Y	घेरना, अहाता बनाना, घेरा डालना, लपेटना
vf	वृ	N	छांटना, चुनना, पसन्द करना
vfD	वृध्	N	विकसित होना, बढ़ना, विस्तृत होना, मजबूत या बलवान् होना, फलना, समृद्ध होना
vfMh	वृंह्	N	बढ़ना, उगना
vfR	वृण्	Y	खाना, उपभोग करना
vfS	वृश्	N	छाँटना, चुनना
vfTABU	वृथाभू	N	व्यर्थ होना
vfc	वृच्	N	छांटना, चुनना 
vfh	वृह्	N	उगना, बढ़ना, फैलाना
vfj	वृज्	N	टाल जाना, कतराना, परित्याग करना
vfk	वृक्	N	पकड़ना, लेना, ग्रहण करना
vfkz	वृक्ष्	Y	स्वीकार करना, चुनना
vft	वृत्	Y	चुनना, पसंद करना
vfttiM dA	वृत्तिं दा	N	घेरना,  बाड़ लगाना
vfz	वृष्	N	बरसना
viBaj	विभज्	N	अलग कर देना,दूर भगा देना
viBid	विभिद्	N	अतिक्रमण करना,उलङ्घन करना
viD	विध्	Y	चुभोना, काटना
viDA	विधा	N	लीन करना,उपभोग करना
viS	विश्	Y	प्रविष्ट होना, जाना, दाखिल होना
viT	विथ्	Y	प्रार्थना करना, निवेदन करना
vic	विच्	Y	वियुक्त करना, विभक्त करना, अलग-अलग करना
vicC	विच्छ्	N	जाना, हिलना-जुलना
vicakza	विचक्ष	N	कहना,घोषणा करना
vicar	विचर्	N	चरना,घास खाना
vid	विद्	Y	जानना, समझना, सीखना, मालूम करना, निश्चय करना, खोजना
vij	विज्	Y	वियुक्त करना, विभक्त करना
vikf	विकृ	N	बदनाम करना,कलङ्क लगाना
viklfp	विक्लृप्	N	दुविधा का वर्णन करना
vikram	विक्रम्	N	पराक्रम दिखाना
vikzip	विक्षिप्	N	दबाना
vil	विल्	Y	ढकना, छिपाना
vilamb	विलम्ब्	N	सहारा लेना,निर्भर करना
vilayaNgam	विलयङ्गम्	N	घुल जाना, अन्त हो जाना, समाप्त हो जाना
vinA kf	विना कृ	N	अलग करना, छोड़ा जाना
vinI	विनी	N	दूर रहना,दूर करना
viniyuja	विनियुज	N	छोड़ना,मारना
viparyAsaM yA	विपर्यासं या	N	परिवर्तित होना, रूप बदलना
viprakf	विप्रकृ	N	नियत करना,स्वीकार करना
vipratipada	विप्रतिपद	N	मिथ्या उतर देना
viq	विड्	Y	अभिशाप देना, दुर्वचन कहना, बुरा भला कहना
viralIkf	विरलीकृ	N	दूर-दूर कहीं करना
vis	विस्	N	डालना, फेंकना, भेजना
visfj	विसृज्	N	प्रकट करना,भेद खोलना,प्रकाशित करना
visfpa	विसृप	N	फैलाना,प्रसारित करना
vitt	वित्त्	N	पुरस्कार देना, दान देना
vivalga	विवल्ग	N	कूदना,उछलना,फांदना
vivf	विवृ	N	म्यान से तलवार निकालना
vivft	विवृत्	N	रुपान्तर करना
viw	विट्	Y	ध्वनि करना
viyuj	वियुज्	N	भंग करना
viz	विष्	Y	घेरना
vizayIBU	विषयीभू	N	विषय बनाना
vizk	विष्क्	Y	वध करना, चोट पहुँचाना, क्षतिग्रस्त करना 
vizwamB	विष्टम्भ्	N	समर्थन करना,प्रबल बनाना
vlI	व्ली	Y	जाना, हिलना-जुलना
vlekz	व्लेक्ष्	Y	देखना
vrI	व्री	Y	छांटना, चुनना
vrIq	व्रीड्	Y	लज्जित होना, शर्मिन्दा होना
vrIs	व्रीस्	N	क्षति पहुँचाना, हत्या करना
vraR	व्रण्	Y	ध्वनि करना
vraSc	व्रश्च्	Y	काटना, काट डालना, फाड़ना, चीरना
vraj	व्रज्	Y	जाना, चलना, प्रगति करना
vruq	व्रुड्	Y	ढकना
vrus	व्रुस्	N	क्षति पहुँचाना, हत्या करना
vuNg	वुङ्ग्	N	छोड़ना, परित्याग करना
vuRw	वुण्ट्	N	चोट पहुँचाना वध करना
vus	वुस्	N	छोड़ना, उगलना, उडलना
vuvUrzu	वुवूर्षु	N	पसन्द करने का इच्छुक
vyAkf	व्याकृ	N	भविष्य़वाणी करना
vyApAraM kf	व्यापारं कृ	N	भाग लेना
vyaD	व्यध्	Y	बींधना, चोट पहुँचाना, प्रहार करना, छुरा भौंकना, मार डालना
vyaT	व्यथ्	Y	शोकान्वित होना, पीडित होना, कष्टग्रस्त होना, विक्षुब्ध या अशांत होना
vyac	व्यच्	Y	ठगना, धोखा देना, चाल चलना
vyap	व्यप्	Y	फेंकना
vyapoh	व्यपोह्	N	प्रायश्चित करना
vyay	व्यय्	Y	जाना, हिलना-जुलना
vye	व्ये	N	ढकना
vyutTA	व्युत्था	N	जीत लेना
wIk	टीक्	Y	चलना- फिरना, जाना, सहारा, देना
waNk	टङ्क्	Y	बाँधना, कसना, जकड़ना
wik	टिक्	Y	जाना, चलना-फिरना
yA	या	Y	जाना, हिलना-जुलना, चलना, आगे बढ़ना
yAc	याच्	Y	मांगना, याचना करना, निवेदन करना, प्रार्थना करना, अनुरोध करना, अनुनय-विनय करना (द
yaTAvakASaM nI	यथावकाशं नी	N	उचित स्थान पर ले जाना
yaj	यज्	Y	यज्ञ करना, त्याग पूर्वक पूजा करना
yam	यम्	Y	रोकना, दमन करना, नियन्त्रण करना, वश में करना, दबाना, ठहराना, बन्द करना
yamasAt kf	यमसात् कृ	N	मृत्यु को सौंपना
yantr	यन्त्र्	N	नियंत्रण में करना, दमन करना, रोकना, बांधना, कसना, बाध्य करना 
yas	यस्	Y	प्रयास करना, कोशिश करना, परिश्रम करना
yat	यत्	Y	यत्न करना, कोशिश करना, प्रयास करना, उद्योग करना
yu	यु	Y	सम्मिलित होना, मिलना 
yuC	युछ्	N	भूल करना,भटक जाना
yuNg	युङ्ग्	Y	छोड़े देना,त्याग देना
yuYC	युञ्छ्	N	भूल करना,भटक जाना
yuYj	युञ्ज्	N	छोड़े देना,त्याग देना
yuj	युज्	Y	संमिलित होना, मिलना, अनुरक्त होना, संबद्ध होना, जुड़ना
yup	युप्	Y	मिटा देना, विलुप्त करना
yu्D	यु्ध्	N	लड़ना, संघर्ष करना, विवाद करना, युद्ध करना
zWiv	ष्ठिव्	Y	थूकना, मुँह से खखार निकालना
zvakk	ष्वक्क्	N	जाना, हिलना-जुलना
zvask	ष्वस्क्	N	जाना, हिलना-जुलना
