a_slp1	a_iast	b_slp1	b_iast
ASAQa	āśāḍha	AzAQa	āṣāḍha
AbADA	ābādhā	AvADA	āvādhā
AbaD	ābadh	AvaD	āvadh
Abarha	ābarha	Avarha	āvarha
Abarham	ābarham	Avarham	āvarham
Abarhin	ābarhin	Avarhin	āvarhin
Abarhita	ābarhita	Avarhita	āvarhita
Abfh	ābṛh	Avfh	āvṛh
Abila	ābila	Avila	āvila
Abilakanda	ābilakanda	Avilakanda	āvilakanda
Abutta	ābutta	Avutta	āvutta
Adimattva	ādimattva	Adimatva	ādimatva
AjAneya	ājāneya	AjAneyya	ājāneyya
AkAya	ākāya	AkAyya	ākāyya
AmarSa	āmarśa	Amarza	āmarṣa
AmfS	āmṛś	Amfz	āmṛṣ
AnAya	ānāya	AnAyya	ānāyya
Ana	āna	Anna	ānna
AnuSUka	ānuśūka	AnuzUka	ānuṣūka
Apana	āpana	Apanna	āpanna
Apati	āpati	Apatti	āpatti
ApiS	āpiś	Apiz	āpiṣ
ApyAya	āpyāya	ApyAyya	āpyāyya
ArADaya	ārādhaya	ArADayya	ārādhayya
ArSa	ārśa	Arza	ārṣa
Araba	āraba	Arava	ārava
Arawa	āraṭa	Arawwa	āraṭṭa
AriS	āriś	Ariz	āriṣ
AryaBawa	āryabhaṭa	AryaBawwa	āryabhaṭṭa
Asana	āsana	Asanna	āsanna
Ata	āta	Atta	ātta
Avfta	āvṛta	Avftta	āvṛtta
Avfti	āvṛti	Avftti	āvṛtti
AviS	āviś	Aviz	āviṣ
Ayata	āyata	Ayatta	āyatta
Ayati	āyati	Ayatti	āyatti
BAlUka	bhālūka	BAllUka	bhāllūka
BAla	bhāla	BAlla	bhālla
BAlluka	bhālluka	BAluka	bhāluka
BAwa	bhāṭa	BAwwa	bhāṭṭa
BImaBawa	bhīmabhaṭa	BImaBawwa	bhīmabhaṭṭa
BUBawa	bhūbhaṭa	BUBawwa	bhūbhaṭṭa
Bal	bhal	Ball	bhall
Bala	bhala	Balla	bhalla
Barb	bharb	Barv	bharv
Bavaddeva	bhavaddeva	Bavadeva	bhavadeva
BawA	bhaṭā	BawwA	bhaṭṭā
BawIya	bhaṭīya	BawwIya	bhaṭṭīya
Bawa	bhaṭa	Bawwa	bhaṭṭa
BawadIpikA	bhaṭadīpikā	BawwadIpikA	bhaṭṭadīpikā
BawaprakASa	bhaṭaprakāśa	BawwaprakASa	bhaṭṭaprakāśa
Baya	bhaya	Bayya	bhayya
Betavya	bhetavya	Bettavya	bhettavya
Bfj	bhṛj	Bfjj	bhṛjj
Braj	bhraj	Brajj	bhrajj
Calita	chalita	Callita	challita
DAnyabIja	dhānyabīja	DAnyavIja	dhānyavīja
DAnyakoSa	dhānyakośa	DAnyakoza	dhānyakoṣa
DAya	dhāya	DAyya	dhāyya
DUS	dhūś	DUz	dhūṣ
Dak	dhak	Dakk	dhakk
DarmabARijika	dharmabāṇijika	DarmavARijika	dharmavāṇijika
DarmabAhya	dharmabāhya	DarmavAhya	dharmavāhya
DarmakoSa	dharmakośa	Darmakoza	dharmakoṣa
DukA	dhukā	DukkA	dhukkā
ESa	aiśa	Eza	aiṣa
Gaw	ghaṭ	Gaww	ghaṭṭ
GawA	ghaṭā	GawwA	ghaṭṭā
GawI	ghaṭī	GawwI	ghaṭṭī
Gawa	ghaṭa	Gawwa	ghaṭṭa
GawanA	ghaṭanā	GawwanA	ghaṭṭanā
Gawana	ghaṭana	Gawwana	ghaṭṭana
Gawita	ghaṭita	Gawwita	ghaṭṭita
GfR	ghṛṇ	GfRR	ghṛṇṇ
GuR	ghuṇ	GuRR	ghuṇṇ
Guwi	ghuṭi	Guwwi	ghuṭṭi
IS	īś	Iz	īṣ
ISA	īśā	IzA	īṣā
ISa	īśa	Iza	īṣa
JAbuka	jhābuka	JAvuka	jhāvuka
JalarI	jhalarī	JallarI	jhallarī
Kal	khal	Kall	khall
KalI	khalī	KallI	khallī
Kala	khala	Kalla	khalla
Kali	khali	Kalli	khalli
KaliSa	khaliśa	KalliSa	khalliśa
KaqqukA	khaḍḍukā	KaqukA	khaḍukā
Karb	kharb	Karv	kharv
Kaw	khaṭ	Kaww	khaṭṭ
Kawa	khaṭa	Kawwa	khaṭṭa
KawikA	khaṭikā	KawwikA	khaṭṭikā
Kawika	khaṭika	Kawwika	khaṭṭika
Kulaka	khulaka	Kullaka	khullaka
Kuqaka	khuḍaka	Kuqqaka	khuḍḍaka
OSata	auśata	Ozata	auṣata
OSija	auśija	Ozija	auṣija
OtaNka	autaṅka	OttaNka	auttaṅka
PalaSAqava	phalaśāḍava	PalazAqava	phalaṣāḍava
Palakin	phalakin	Pallakin	phallakin
Palotpati	phalotpati	Palotpatti	phalotpatti
QilI	ḍhilī	QillI	ḍhillī
SARqa	śāṇḍa	zARqa	ṣāṇḍa
SAba	śāba	SAva	śāva
SAbara	śābara	SAvara	śāvara
SAbasta	śābasta	SAvasta	śāvasta
SAkI	śākī	SAkkI	śākkī
SAqava	śāḍava	zAqava	ṣāḍava
SAqbala	śāḍbala	SAqvala	śāḍvala
SESika	śaiśika	SEzika	śaiṣika
SESiri	śaiśiri	SEziri	śaiṣiri
SEbI	śaibī	SEvI	śaivī
SEba	śaiba	SEva	śaiva
SEbala	śaibala	SEvala	śaivala
SEbya	śaibya	SEvya	śaivya
SU	śū	zU	ṣū
Sa	śa	za	ṣa
SaR	śaṇ	zaR	ṣaṇ
SaRQa	śaṇḍha	zaRQa	ṣaṇḍha
SaRqAmarka	śaṇḍāmarka	zaRqAmarka	ṣaṇḍāmarka
SaRqa	śaṇḍa	zaRqa	ṣaṇḍa
SaRqika	śaṇḍika	zaRqika	ṣaṇḍika
SaS	śaś	Saz	śaṣ
SaS	śaś	zaz	ṣaṣ
Sabara	śabara	Savara	śavara
Sac	śac	zac	ṣac
SakAra	śakāra	zakAra	ṣakāra
Sakara	śakara	Sakkara	śakkara
Sala	śala	Salla	śalla
Salaka	śalaka	Sallaka	śallaka
Salyakartf	śalyakartṛ	Salyakarttf	śalyakarttṛ
Samba	śamba	Samva	śamva
Sambuka	śambuka	Sambukka	śambukka
Sana	śana	Sanna	śanna
Sarb	śarb	Sarv	śarv
Sasa	śasa	zasa	ṣasa
SatabalSa	śatabalśa	SatavalSa	śatavalśa
Satabala	śatabala	Satavala	śatavala
Satri	śatri	Sattri	śattri
Saw	śaṭ	zaw	ṣaṭ
Sawwaka	śaṭṭaka	zawwaka	ṣaṭṭaka
SayA	śayā	SayyA	śayyā
Saz	śaṣ	zaz	ṣaṣ
Seqa	śeḍa	Seqqa	śeḍḍa
Seya	śeya	Seyya	śeyya
SibIraTa	śibīratha	SivIraTa	śivīratha
Sibi	śibi	Sivi	śivi
Sibira	śibira	Sivira	śivira
SivabIja	śivabīja	SivavIja	śivavīja
So	śo	zo	ṣo
SramakarSita	śramakarśita	Sramakarzita	śramakarṣita
SroRibimba	śroṇibimba	SroRivimba	śroṇivimba
Su	śu	zu	ṣu
SucibAhya	śucibāhya	SucivAhya	śucivāhya
Sulb	śulb	Sulv	śulv
Sulba	śulba	Sulva	śulva
SvabAla	śvabāla	SvavAla	śvavāla
Sval	śval	Svall	śvall
SyAvanAya	śyāvanāya	SyAvanAyya	śyāvanāyya
UbaDya	ūbadhya	UvaDya	ūvadhya
aBISu	abhīśu	aBIzu	abhīṣu
aBimarSa	abhimarśa	aBimarza	abhimarṣa
aBimarSaka	abhimarśaka	aBimarzaka	abhimarṣaka
aBisaMvfta	abhisaṃvṛta	aBisaMvftta	abhisaṃvṛtta
aByarRRa	abhyarṇṇa	aByarRa	abhyarṇa
aByuccita	abhyuccita	aByucita	abhyucita
aDaHSaya	adhaḥśaya	aDaHSayya	adhaḥśayya
aDyarbuda	adhyarbuda	aDyarvuda	adhyarvuda
aNkola	aṅkola	aNkolla	aṅkolla
aRqakoSa	aṇḍakośa	aRqakoza	aṇḍakoṣa
aS	aś	az	aṣ
ab	ab	av	av
abIja	abīja	avIja	avīja
abaDA	abadhā	avaDA	avadhā
abaDa	abadha	avaDa	avadha
abaDya	abadhya	avaDya	avadhya
abahu	abahu	avahu	avahu
abanDya	abandhya	avanDya	avandhya
acita	acita	acitta	acitta
ajU	ajū	ajjU	ajjū
ajaya	ajaya	ajayya	ajayya
akabara	akabara	akabbara	akabbara
akabara	akabara	akavara	akavara
akfta	akṛta	akftta	akṛtta
akzaya	akṣaya	akzayya	akṣayya
alaja	alaja	alajja	alajja
amarA	amarā	ammarA	ammarā
amftabindUpanizad	amṛtabindūpaniṣad	amftavindUpanizad	amṛtavindūpaniṣad
anAda	anāda	annAda	annāda
anAdin	anādin	annAdin	annādin
anAdya	anādya	annAdya	annādya
anAhArin	anāhārin	annAhArin	annāhārin
anAkAla	anākāla	annAkAla	annākāla
anAvfta	anāvṛta	anAvftta	anāvṛtta
anAyata	anāyata	anAyatta	anāyatta
ana	ana	anna	anna
anana	anana	ananna	ananna
anapatya	anapatya	annapatya	annapatya
anirvfta	anirvṛta	anirvftta	anirvṛtta
anirvfti	anirvṛti	anirvftti	anirvṛtti
anivfta	anivṛta	anivftta	anivṛtta
anuSak	anuśak	anuzak	anuṣak
anukfS	anukṛś	anukfz	anukṛṣ
anupAta	anupāta	anupAtta	anupātta
anupiS	anupiś	anupiz	anupiṣ
anutara	anutara	anuttara	anuttara
anyAya	anyāya	anyAyya	anyāyya
apAvfta	apāvṛta	apAvftta	apāvṛtta
apAvfti	apāvṛti	apAvftti	apāvṛtti
apajaya	apajaya	apajayya	apajayya
aparIta	aparīta	aparItta	aparītta
apati	apati	appati	appati
apratA	apratā	aprattA	aprattā
apratIta	apratīta	apratItta	apratītta
aq	aḍ	aqq	aḍḍ
arb	arb	arv	arv
arbuka	arbuka	arvuka	arvuka
arpiSa	arpiśa	arpiza	arpiṣa
aruSa	aruśa	aruza	aruṣa
asaMyata	asaṃyata	asaMyatta	asaṃyatta
asana	asana	asanna	asanna
ati	ati	atti	atti
atiSakta	atiśakta	atizakta	atiṣakta
atibAlaka	atibālaka	ativAlaka	ativālaka
atra	atra	attra	attra
atri	atri	attri	attri
atyulbaRa	atyulbaṇa	atyulvaRa	atyulvaṇa
avakfS	avakṛś	avakfz	avakṛṣ
avakfta	avakṛta	avakftta	avakṛtta
avapana	avapana	avapanna	avapanna
avasAya	avasāya	avasAyya	avasāyya
avata	avata	avatta	avatta
avataram	avataram	avattaram	avattaram
avfta	avṛta	avftta	avṛtta
avikraya	avikraya	avikrayya	avikrayya
aw	aṭ	aww	aṭṭ
awA	aṭā	awwA	aṭṭā
awAya	aṭāya	awwAya	aṭṭāya
awaka	aṭaka	awwaka	aṭṭaka
awana	aṭana	awwana	aṭṭana
awawa	aṭaṭa	awwawwa	aṭṭaṭṭa
bAD	bādh	vAD	vādh
bADUla	bādhūla	vADUla	vādhūla
bADin	bādhin	vADin	vādhin
bAQa	bāḍha	vAQa	vāḍha
bAQam	bāḍham	vAQam	vāḍham
bARI	bāṇī	vARI	vāṇī
bARa	bāṇa	vARa	vāṇa
bARavat	bāṇavat	vARavat	vāṇavat
bARi	bāṇi	vARi	vāṇi
bARija	bāṇija	vARija	vāṇija
bARin	bāṇin	vARin	vāṇin
bAbara	bābara	vAvara	vāvara
bAdAma	bādāma	vAdAma	vādāma
bAdara	bādara	vAdara	vādara
bAh	bāh	vAh	vāh
bAhAdura	bāhādura	vAhAdura	vāhādura
bAhIka	bāhīka	vAhIka	vāhīka
bAha	bāha	vAha	vāha
bAhawa	bāhaṭa	vAhawa	vāhaṭa
bAhlIkI	bāhlīkī	vAhlIkI	vāhlīkī
bAhlIka	bāhlīka	vAhlIka	vāhlīka
bAhli	bāhli	vAhli	vāhli
bAhuli	bāhuli	vAhuli	vāhuli
bAhyA	bāhyā	vAhyA	vāhyā
bAhyASva	bāhyāśva	vAhyASva	vāhyāśva
bAhya	bāhya	vAhya	vāhya
bAhyatva	bāhyatva	vAhyatva	vāhyatva
bAka	bāka	vAka	vāka
bAkula	bākula	vAkula	vākula
bAlA	bālā	vAlA	vālā
bAlAgra	bālāgra	vAlAgra	vālāgra
bAlAha	bālāha	vAlAha	vālāha
bAla	bāla	vAla	vāla
bAlaKilya	bālakhilya	vAlaKilya	vālakhilya
bAlabanDana	bālabandhana	vAlabanDana	vālabandhana
bAlaka	bālaka	vAlaka	vālaka
bAlamUlaka	bālamūlaka	vAlamUlaka	vālamūlaka
bAlamfga	bālamṛga	vAlamfga	vālamṛga
bAlapASyA	bālapāśyā	vAlapASyA	vālapāśyā
bAlaputra	bālaputra	vAlaputra	vālaputra
bAleya	bāleya	vAleya	vāleya
bAli	bāli	vAli	vāli
bAlin	bālin	vAlin	vālin
bAlu	bālu	vAlu	vālu
bAq	bāḍ	vAq	vāḍ
bAqaba	bāḍaba	vAqaba	vāḍaba
bAqaba	bāḍaba	vAqava	vāḍava
bAqeyIputra	bāḍeyīputra	vAqeyIputra	vāḍeyīputra
bArQya	bārḍhya	vArQya	vārḍhya
bAra	bāra	vAra	vāra
bArbara	bārbara	vArvara	vārvara
bArhaspata	bārhaspata	vArhaspata	vārhaspata
bArhat	bārhat	vArhat	vārhat
bAsa	bāsa	vAsa	vāsa
bAskala	bāskala	vAskala	vāskala
bAspa	bāspa	vAspa	vāspa
bAsta	bāsta	vAsta	vāsta
bAsteya	bāsteya	vAsteya	vāsteya
bAzkala	bāṣkala	vAzkala	vāṣkala
bAzpa	bāṣpa	vAzpa	vāṣpa
bEdAyana	baidāyana	vEdAyana	vaidāyana
bEda	baida	vEda	vaida
bEdala	baidala	vEdala	vaidala
bEdi	baidi	vEdi	vaidi
bEhInari	baihīnari	vEhInari	vaihīnari
bEjaladeva	baijaladeva	vEjaladeva	vaijaladeva
bEjavApa	baijavāpa	vEjavApa	vaijavāpa
bEji	baiji	vEji	vaiji
bEjika	baijika	vEjika	vaijika
bEki	baiki	vEki	vaiki
bEla	baila	vEla	vaila
bElva	bailva	vElva	vailva
bEmbaki	baimbaki	vEmbaki	vaimbaki
bEndava	baindava	vEndava	vaindava
bEqAla	baiḍāla	vEqAla	vaiḍāla
bEzka	baiṣka	vEzka	vaiṣka
bF	bṝ	vF	vṝ
bIB	bībh	vIB	vībh
bISa	bīśa	vISa	vīśa
bIja	bīja	vIja	vīja
bIjita	bījita	vIjita	vījita
bIjya	bījya	vIjya	vījya
bIriRa	bīriṇa	vIriRa	vīriṇa
bIwaka	bīṭaka	vIwaka	vīṭaka
bOdDa	bauddha	vOdDa	vauddha
bUbaSarman	būbaśarman	vUvaSarman	vūvaśarman
ba	ba	va	va
baBr	babhr	vaBr	vabhr
baBruka	babhruka	vaBruka	vabhruka
baD	badh	vaD	vadh
baDU	badhū	vaDU	vadhū
baDira	badhira	vaDira	vadhira
baDya	badhya	vaDya	vadhya
baMh	baṃh	vaMh	vaṃh
baMhIyas	baṃhīyas	vaMhIyas	vaṃhīyas
baMhizWa	baṃhiṣṭha	vaMhizWa	vaṃhiṣṭha
baR	baṇ	vaR	vaṇ
baRij	baṇij	vaRij	vaṇij
baW	baṭh	vaW	vaṭh
bad	bad	vad	vad
badara	badara	vadara	vadara
bah	bah	vah	vah
bahInara	bahīnara	vahInara	vahīnara
bahala	bahala	vahala	vahala
bahiS	bahiś	bahiz	bahiṣ
bahis	bahis	vahis	vahis
bahli	bahli	vahli	vahli
bahubIja	bahubīja	bahuvIja	bahuvīja
bakAra	bakāra	vakAra	vakāra
baka	baka	vaka	vaka
bakerukA	bakerukā	vakerukA	vakerukā
bakula	bakula	vakula	vakula
bal	bal	val	val
balAhaka	balāhaka	valAhaka	valāhaka
balAka	balāka	valAka	valāka
balAsaka	balāsaka	valAsaka	valāsaka
balSa	balśa	valSa	valśa
balUka	balūka	valUka	valūka
balUla	balūla	valUla	valūla
bala	bala	balla	balla
bala	bala	vala	vala
balaBid	balabhid	valaBid	valabhid
balaka	balaka	valaka	valaka
balakrama	balakrama	valakrama	valakrama
balakza	balakṣa	valakza	valakṣa
balanASana	balanāśana	valanASana	valanāśana
balana	balana	valana	valana
balasUdana	balasūdana	valasUdana	valasūdana
balavat	balavat	valavat	valavat
balaya	balaya	valaya	valaya
balbaja	balbaja	balvaja	balvaja
balbaja	balbaja	valvaja	valvaja
balh	balh	valh	valh
balhi	balhi	valhi	valhi
bali	bali	vali	vali
baliSa	baliśa	valiSa	valiśa
balika	balika	valika	valika
balimat	balimat	valimat	valimat
balla	balla	valla	valla
ballava	ballava	vallava	vallava
balva	balva	valva	valva
balvaja	balvaja	valvaja	valvaja
bamBArava	bambhārava	vamBArava	vambhārava
banDula	bandhula	vanDula	vandhula
banDura	bandhura	vanDura	vandhura
banDya	bandhya	vanDya	vandhya
band	band	vand	vand
bandI	bandī	vandI	vandī
bandi	bandi	vandi	vandi
bandin	bandin	vandin	vandin
bappa	bappa	vappa	vappa
bapyanIla	bapyanīla	vapyanIla	vapyanīla
baqA	baḍā	vaqA	vaḍā
baqabA	baḍabā	vaqabA	vaḍabā
baqiSa	baḍiśa	vaqiSa	vaḍiśa
barIvarda	barīvarda	varIvarda	varīvarda
bara	bara	vara	vara
barawa	baraṭa	varawa	varaṭa
barbara	barbara	varvara	varvara
barbari	barbari	varvari	varvari
barbawa	barbaṭa	varvawa	varvaṭa
barh	barh	varh	varh
barha	barha	varha	varha
bariSI	bariśī	variSI	variśī
barkara	barkara	varkara	varkara
baru	baru	varu	varu
basta	basta	vasta	vasta
basti	basti	vasti	vasti
bastya	bastya	vastya	vastya
bata	bata	vata	vata
bava	bava	vava	vava
baw	baṭ	vaw	vaṭ
bawu	baṭu	vawu	vaṭu
bawwa	baṭṭa	vawwa	vaṭṭa
bazkaya	baṣkaya	vazkaya	vaṣkaya
beS	beś	veS	veś
bedarakara	bedarakara	vedarakara	vedarakara
beh	beh	veh	veh
bekuri	bekuri	vekuri	vekuri
beqA	beḍā	veqA	veḍā
bewI	beṭī	vewI	veṭī
bfMh	bṛṃh	vfMh	vṛṃh
bfQa	bṛḍha	vfQa	vṛḍha
bfgala	bṛgala	vfgala	vṛgala
bfh	bṛh	vfh	vṛh
bfhat	bṛhat	vfhat	vṛhat
bfndAraRya	bṛndāraṇya	vfndAraRya	vṛndāraṇya
bfsaya	bṛsaya	vfsaya	vṛsaya
bfzI	bṛṣī	vfzI	vṛṣī
biBIzikA	bibhīṣikā	viBIzikA	vibhīṣikā
biS	biś	viS	viś
biSAyaka	biśāyaka	viSAyaka	viśāyaka
biSa	biśa	biza	biṣa
biSa	biśa	viSa	viśa
bibboka	bibboka	vibboka	vibboka
bibboka	bibboka	vivvoka	vivvoka
bid	bid	vid	vid
bida	bida	vida	vida
bidala	bidala	vidala	vidala
bidura	bidura	vidura	vidura
bihlaRa	bihlaṇa	vihlaRa	vihlaṇa
bil	bil	vil	vil
bilAla	bilāla	vilAla	vilāla
bilAsin	bilāsin	vilAsin	vilāsin
bila	bila	billa	billa
bila	bila	vila	vila
billa	billa	villa	villa
bimba	bimba	vimba	vimba
bind	bind	vind	vind
binda	binda	vinda	vinda
bindu	bindu	vindu	vindu
biq	biḍ	viq	viḍ
biqAraka	biḍāraka	viqAraka	viḍāraka
birAla	birāla	virAla	virāla
birada	birada	virada	virada
biruda	biruda	viruda	viruda
bis	bis	vis	vis
biw	biṭ	viw	viṭ
biwaka	biṭaka	viwaka	viṭaka
biza	biṣa	viza	viṣa
blI	blī	vlI	vlī
blezka	bleṣka	vlezka	vleṣka
bohitTa	bohittha	vohitTa	vohittha
bokkARa	bokkāṇa	vokkARa	vokkāṇa
bopadeva	bopadeva	vopadeva	vopadeva
borasidDi	borasiddhi	vorasidDi	vorasiddhi
brUs	brūs	vrUs	vrūs
braDna	bradhna	vraDna	vradhna
braR	braṇ	vraR	vraṇ
brahmabala	brahmabala	brahmavala	brahmavala
brahman	brahman	vrahman	vrahman
bruq	bruḍ	vruq	vruḍ
buNg	buṅg	vuNg	vuṅg
buSa	buśa	buza	buṣa
buhnA	buhnā	vuhnA	vuhnā
buk	buk	bukk	bukk
buka	buka	bukka	bukka
buka	buka	vuka	vuka
bula	bula	bulla	bulla
bunD	bundh	vunD	vundh
buq	buḍ	vuq	vuḍ
cAruveSa	cāruveśa	cAruveza	cāruveṣa
cEtika	caitika	cEttika	caittika
cIb	cīb	cIv	cīv
cak	cak	cakk	cakk
caka	caka	cakka	cakka
cakana	cakana	cakkana	cakkana
cakzuS	cakṣuś	cakzuz	cakṣuṣ
carb	carb	carv	carv
carmakaSA	carmakaśā	carmakazA	carmakaṣā
catuS	catuś	catuz	catuṣ
cawa	caṭa	cawwa	caṭṭa
cel	cel	cell	cell
cetf	cetṛ	cettf	cettṛ
cil	cil	cill	cill
cili	cili	cilli	cilli
cilikA	cilikā	cillikA	cillikā
cipawa	cipaṭa	cippawa	cippaṭa
citI	citī	cittI	cittī
cita	cita	citta	citta
citi	citi	citti	citti
citrapawa	citrapaṭa	citrapawwa	citrapaṭṭa
cuccu	cuccu	cucu	cucu
cul	cul	cull	cull
cula	cula	culla	culla
cuq	cuḍ	cuqq	cuḍḍ
cuw	cuṭ	cuww	cuṭṭ
dAta	dāta	dAtta	dātta
dInAra	dīnāra	dInnAra	dīnnāra
dOS	dauś	dOz	dauṣ
dUSya	dūśya	dUzya	dūṣya
dada	dada	dadda	dadda
dfSad	dṛśad	dfzad	dṛṣad
dfkARa	dṛkāṇa	dfkkARa	dṛkkāṇa
dina	dina	dinna	dinna
duS	duś	duz	duṣ
duda	duda	dudda	dudda
durbAla	durbāla	durvAla	durvāla
durbala	durbala	durvala	durvala
durnimita	durnimita	durnimitta	durnimitta
durviSa	durviśa	durviza	durviṣa
dyuta	dyuta	dyutta	dyutta
fSya	ṛśya	fzya	ṛṣya
gAveSa	gāveśa	gAveza	gāveṣa
gIrbARa	gīrbāṇa	gIrvARa	gīrvāṇa
gala	gala	galla	galla
galaka	galaka	gallaka	gallaka
gaqquka	gaḍḍuka	gaquka	gaḍuka
garBakoSa	garbhakośa	garBakoza	garbhakoṣa
garb	garb	garv	garv
gardaBila	gardabhila	gardaBilla	gardabhilla
gaveSa	gaveśa	gaveza	gaveṣa
gohila	gohila	gohilla	gohilla
gola	gola	golla	golla
gopita	gopita	gopitta	gopitta
hakAra	hakāra	hakkAra	hakkāra
hala	hala	halla	halla
haladI	haladī	haladdI	haladdī
halaka	halaka	hallaka	hallaka
hallISa	hallīśa	hallIza	hallīṣa
hallISaka	hallīśaka	hallIzaka	hallīṣaka
ham	ham	hamm	hamm
hana	hana	hanna	hanna
haqa	haḍa	haqqa	haḍḍa
haqi	haḍi	haqqi	haḍḍi
haqika	haḍika	haqqika	haḍḍika
hariBawa	haribhaṭa	hariBawwa	haribhaṭṭa
hariSa	hariśa	hariza	hariṣa
hawa	haṭa	hawwa	haṭṭa
helAvuka	helāvuka	helAvukka	helāvukka
heqAvuka	heḍāvuka	heqAvukka	heḍāvukka
hfdaya	hṛdaya	hfdayya	hṛdayya
hfddyota	hṛddyota	hfdyota	hṛdyota
hfddyotana	hṛddyotana	hfdyotana	hṛdyotana
hibuka	hibuka	hivuka	hivuka
hila	hila	hilla	hilla
himabAlukA	himabālukā	himavAlukA	himavālukā
himabAluka	himabāluka	himavAluka	himavāluka
himaka	himaka	himmaka	himmaka
hula	hula	hulla	hulla
iSIkA	iśīkā	izIkA	iṣīkā
indrabIja	indrabīja	indravIja	indravīja
indrakoSa	indrakośa	indrakoza	indrakoṣa
jAjala	jājala	jAjalla	jājalla
jEyawa	jaiyaṭa	jEyyawa	jaiyyaṭa
jIvatokA	jīvatokā	jIvattokA	jīvattokā
jagannu	jagannu	jaganu	jaganu
jaja	jaja	jajja	jajja
jaya	jaya	jayya	jayya
jyotiS	jyotiś	jyotiz	jyotiṣ
kASa	kāśa	kAza	kāṣa
kASeya	kāśeya	kAzeya	kāṣeya
kASi	kāśi	kAzi	kāṣi
kASin	kāśin	kAzin	kāṣin
kAbanDa	kābandha	kAvanDa	kāvandha
kAcabakayantra	kācabakayantra	kAcavakayantra	kācavakayantra
kAkabanDyA	kākabandhyā	kAkavanDyA	kākavandhyā
kAlameSikA	kālameśikā	kAlamezikA	kālameṣikā
kAmpila	kāmpila	kAmpilla	kāmpilla
kArSa	kārśa	kArza	kārṣa
kArSya	kārśya	kArzya	kārṣya
kArotara	kārotara	kArottara	kārottara
kEyawa	kaiyaṭa	kEyyawa	kaiyyaṭa
kIrti	kīrti	kIrtti	kīrtti
kOSeya	kauśeya	kOzeya	kauṣeya
kOSya	kauśya	kOzya	kauṣya
kOlaba	kaulaba	kOlava	kaulava
kSA	kśā	kzA	kṣā
kUSmARqa	kūśmāṇḍa	kUzmARqa	kūṣmāṇḍa
kUSmARqaka	kūśmāṇḍaka	kUzmARqaka	kūṣmāṇḍaka
kUSma	kūśma	kUzma	kūṣma
kUbara	kūbara	kUvara	kūvara
kaMya	kaṃya	kaMyya	kaṃyya
kaMyu	kaṃyu	kaMyyu	kaṃyyu
kaNkeli	kaṅkeli	kaNkelli	kaṅkelli
kaS	kaś	kaz	kaṣ
kaSA	kaśā	kazA	kaṣā
kaSAGAta	kaśāghāta	kazAGAta	kaṣāghāta
kaSAya	kaśāya	kazAya	kaṣāya
kaSIkA	kaśīkā	kazIkA	kaṣīkā
kaSa	kaśa	kaza	kaṣa
kab	kab	kav	kav
kabanDa	kabandha	kavanDa	kavandha
kabanDin	kabandhin	kavanDin	kavandhin
kabara	kabara	kavara	kavara
kabila	kabila	kavila	kavila
kadana	kadana	kadanna	kadanna
kak	kak	kakk	kakk
kal	kal	kall	kall
kala	kala	kalla	kalla
kalamUka	kalamūka	kallamUka	kallamūka
kalatA	kalatā	kallatA	kallatā
kalatva	kalatva	kallatva	kallatva
kalawa	kalaṭa	kallawa	kallaṭa
kali	kali	kalli	kalli
kalinATa	kalinātha	kallinATa	kallinātha
kalyARabIja	kalyāṇabīja	kalyARavIja	kalyāṇavīja
kampila	kampila	kampilla	kampilla
kana	kana	kanna	kanna
kaq	kaḍ	kaqq	kaḍḍ
karSita	karśita	karzita	karṣita
karabAla	karabāla	karavAla	karavāla
karb	karb	karv	karv
karbarI	karbarī	karvarI	karvarī
karbara	karbara	karvara	karvara
karmaSa	karmaśa	karmaza	karmaṣa
kartavya	kartavya	karttavya	karttavya
kartf	kartṛ	karttf	karttṛ
kaw	kaṭ	kaww	kaṭṭ
kawAra	kaṭāra	kawwAra	kaṭṭāra
kawana	kaṭana	kawwana	kaṭṭana
kaya	kaya	kayya	kayya
kfS	kṛś	kfz	kṛṣ
kfSAku	kṛśāku	kfzAku	kṛṣāku
kfSI	kṛśī	kfzI	kṛṣī
kfSa	kṛśa	kfza	kṛṣa
kfSaka	kṛśaka	kfzaka	kṛṣaka
kfSikA	kṛśikā	kfzikA	kṛṣikā
kfta	kṛta	kftta	kṛtta
kfti	kṛti	kftti	kṛtti
kftiraTa	kṛtiratha	kfttiraTa	kṛttiratha
kfzIbala	kṛṣībala	kfzIvala	kṛṣīvala
kfzRaveRA	kṛṣṇaveṇā	kfzRaveRRA	kṛṣṇaveṇṇā
kiwa	kiṭa	kiwwa	kiṭṭa
kiwima	kiṭima	kiwwima	kiṭṭima
klIb	klīb	klIv	klīv
klIba	klība	klIva	klīva
koSA	kośā	kozA	koṣā
koSa	kośa	koza	koṣa
koSaDAvana	kośadhāvana	kozaDAvana	koṣadhāvana
kolagiri	kolagiri	kollagiri	kollagiri
kolaka	kolaka	kollaka	kollaka
kowa	koṭa	kowwa	koṭṭa
kowapAla	koṭapāla	kowwapAla	koṭṭapāla
kowavI	koṭavī	kowwavI	koṭṭavī
kraya	kraya	krayya	krayya
kuS	kuś	kuz	kuṣ
kuSIda	kuśīda	kuzIda	kuṣīda
kuSaRqa	kuśaṇḍa	kuzaRqa	kuṣaṇḍa
kuSala	kuśala	kuzala	kuṣala
kuSapa	kuśapa	kuzapa	kuṣapa
kuSika	kuśika	kuzika	kuṣika
kuSita	kuśita	kuzita	kuṣita
kubera	kubera	kuvera	kuvera
kudAla	kudāla	kuddAla	kuddāla
kuhaka	kuhaka	kuhakka	kuhakka
kukkura	kukkura	kukura	kukura
kukkuvAc	kukkuvāc	kukuvAc	kukuvāc
kukkuwa	kukkuṭa	kukuwa	kukuṭa
kulaka	kulaka	kulakka	kulakka
kuraba	kuraba	kurava	kurava
kuw	kuṭ	kuww	kuṭṭ
kuwIra	kuṭīra	kuwwIra	kuṭṭīra
kuwa	kuṭa	kuwwa	kuṭṭa
kuwahArikA	kuṭahārikā	kuwwahArikA	kuṭṭahārikā
kuwaka	kuṭaka	kuwwaka	kuṭṭaka
kuwita	kuṭita	kuwwita	kuṭṭita
kzAtra	kṣātra	kzAttra	kṣāttra
kzIb	kṣīb	kzIv	kṣīv
kzIba	kṣība	kzIva	kṣīva
kzIban	kṣīban	kzIvan	kṣīvan
kzIbika	kṣībika	kzIvika	kṣīvika
kzaya	kṣaya	kzayya	kṣayya
kzotf	kṣotṛ	kzottf	kṣottṛ
kzuRRa	kṣuṇṇa	kzuRa	kṣuṇa
lAba	lāba	lAva	lāva
lAbaka	lābaka	lAvaka	lāvaka
lAbu	lābu	lAvu	lāvu
lIkA	līkā	lIkkA	līkkā
laS	laś	laz	laṣ
laba	laba	lava	lava
laj	laj	lajj	lajj
lala	lala	lalla	lalla
laqquka	laḍḍuka	laquka	laḍuka
latikA	latikā	lattikA	lattikā
lawa	laṭa	lawwa	laṭṭa
libi	libi	livi	livi
luSa	luśa	luza	luṣa
mAla	māla	mAlla	mālla
mAlavI	mālavī	mAllavI	māllavī
mAya	māya	mAyya	māyya
mOSala	mauśala	mOzala	mauṣala
maS	maś	maz	maṣ
madyabIja	madyabīja	madyavIja	madyavīja
mahAmata	mahāmata	mahAmatta	mahāmatta
mahAsana	mahāsana	mahAsanna	mahāsanna
mahaka	mahaka	mahakka	mahakka
mahatA	mahatā	mahattA	mahattā
maj	maj	majj	majj
mak	mak	makk	makk
makkula	makkula	makula	makula
mal	mal	mall	mall
malA	malā	mallA	mallā
malAri	malāri	mallAri	mallāri
mala	mala	malla	malla
malaga	malaga	mallaga	mallaga
malaja	malaja	mallaja	mallaja
malakUwa	malakūṭa	mallakUwa	mallakūṭa
malaka	malaka	mallaka	mallaka
mali	mali	malli	malli
malika	malika	mallika	mallika
malinI	malinī	mallinI	mallinī
mama	mama	mamma	mamma
mamaka	mamaka	mammaka	mammaka
marSa	marśa	marza	marṣa
marb	marb	marv	marv
maruta	maruta	marutta	marutta
mata	mata	matta	matta
mawa	maṭa	mawwa	maṭṭa
mawaka	maṭaka	mawwaka	maṭṭaka
meSI	meśī	mezI	meṣī
meSikA	meśikā	mezikA	meṣikā
meb	meb	mev	mev
mfS	mṛś	mfz	mṛṣ
mfcaya	mṛcaya	mfccaya	mṛccaya
mftAlaka	mṛtālaka	mfttAlaka	mṛttālaka
miS	miś	miz	miṣ
miSi	miśi	mizi	miṣi
milA	milā	millA	millā
muSala	muśala	muzala	muṣala
muda	muda	mudda	mudda
mukuwa	mukuṭa	mukuwwa	mukuṭṭa
muwa	muṭa	muwwa	muṭṭa
nAgaBawa	nāgabhaṭa	nAgaBawwa	nāgabhaṭṭa
nES	naiś	nEz	naiṣ
nESa	naiśa	nEza	naiṣa
nEmiSIya	naimiśīya	nEmizIya	naimiṣīya
nEmiSa	naimiśa	nEmiza	naimiṣa
nEyAyika	naiyāyika	nEyyAyika	naiyyāyika
nEyagroDa	naiyagrodha	nEyyagroDa	naiyyagrodha
nEyamika	naiyamika	nEyyamika	naiyyamika
nIlapawa	nīlapaṭa	nIlapawwa	nīlapaṭṭa
nIta	nīta	nItta	nītta
nak	nak	nakk	nakk
nala	nala	nalla	nalla
namEya	namaiya	nammEya	nammaiya
nawa	naṭa	nawwa	naṭṭa
nawaka	naṭaka	nawwaka	naṭṭaka
nawanArAyaRa	naṭanārāyaṇa	nawwanArAyaRa	naṭṭanārāyaṇa
niS	niś	niz	niṣ
niSAda	niśāda	nizAda	niṣāda
niSAdatva	niśādatva	nizAdatva	niṣādatva
niSaWa	niśaṭha	nizaWa	niṣaṭha
niScita	niścita	niScitta	niścitta
niSita	niśita	nizita	niṣita
niSo	niśo	nizo	niṣo
nibarhaRa	nibarhaṇa	nivarhaRa	nivarhaṇa
nibfh	nibṛh	nivfh	nivṛh
nibiqa	nibiḍa	niviqa	niviḍa
nikASa	nikāśa	nikAza	nikāṣa
nikAya	nikāya	nikAyya	nikāyya
nikfta	nikṛta	nikftta	nikṛtta
nimita	nimita	nimitta	nimitta
nirISa	nirīśa	nirIza	nirīṣa
nirbARa	nirbāṇa	nirvARa	nirvāṇa
nirbIja	nirbīja	nirvIja	nirvīja
nirmaj	nirmaj	nirmajj	nirmajj
nirvfta	nirvṛta	nirvftta	nirvṛtta
nirvfti	nirvṛti	nirvftti	nirvṛtti
niveSya	niveśya	nivezya	niveṣya
nivfta	nivṛta	nivftta	nivṛtta
nivfti	nivṛti	nivftti	nivṛtti
niwala	niṭala	niwwala	niṭṭala
nizah	niṣah	nizzah	niṣṣah
niziD	niṣidh	nizziD	niṣṣidh
nizkASa	niṣkāśa	nizkAza	niṣkāṣa
nizkoSa	niṣkośa	nizkoza	niṣkoṣa
nizpiS	niṣpiś	nizpiz	niṣpiṣ
nuta	nuta	nutta	nutta
nuti	nuti	nutti	nutti
nyAya	nyāya	nyAyya	nyāyya
nyAyatva	nyāyatva	nyAyyatva	nyāyyatva
nyarRRa	nyarṇṇa	nyarRa	nyarṇa
pASI	pāśī	pAzI	pāṣī
pASaka	pāśaka	pAzaka	pāṣaka
pAScAttya	pāścāttya	pAScAtya	pāścātya
pAlaka	pālaka	pAlakka	pālakka
pAlaka	pālaka	pAllaka	pāllaka
pAnAgAra	pānāgāra	pAnnAgAra	pānnāgāra
pAya	pāya	pAyya	pāyya
pEllya	paillya	pElya	pailya
pIbas	pības	pIvas	pīvas
pOtika	pautika	pOttika	pauttika
pUrRabanDura	pūrṇabandhura	pUrRavanDura	pūrṇavandhura
pUrvacitI	pūrvacitī	pUrvacittI	pūrvacittī
pUrvavfta	pūrvavṛta	pUrvavftta	pūrvavṛtta
paRAya	paṇāya	paRAyya	paṇāyya
paS	paś	paz	paṣ
paYcabanDura	pañcabandhura	paYcavanDura	pañcavandhura
pacanI	pacanī	paccanI	paccanī
pacanikA	pacanikā	paccanikA	paccanikā
pal	pal	pall	pall
palISa	palīśa	pallISa	pallīśa
pala	pala	palla	palla
palava	palava	pallava	pallava
panAya	panāya	panAyya	panāyya
paqbISa	paḍbīśa	paqvISa	paḍvīśa
paqbISaSaNku	paḍbīśaśaṅku	paqvISaSaNku	paḍvīśaśaṅku
parIS	parīś	parIz	parīṣ
parIta	parīta	parItta	parītta
parIti	parīti	parItti	parītti
parb	parb	parv	parv
pariGaw	parighaṭ	pariGaww	parighaṭṭ
pariSanna	pariśanna	parizanna	pariṣanna
paribarha	paribarha	parivarha	parivarha
paribfMh	paribṛṃh	parivfMh	parivṛṃh
paribfQa	paribṛḍha	parivfQa	parivṛḍha
parikfS	parikṛś	parikfz	parikṛṣ
parikfta	parikṛta	parikftta	parikṛtta
parikzIba	parikṣība	parikzIva	parikṣīva
parimarSa	parimarśa	parimarza	parimarṣa
parimfS	parimṛś	parimfz	parimṛṣ
pariveSa	pariveśa	pariveza	pariveṣa
parivfta	parivṛta	parivftta	parivṛtta
parivfti	parivṛti	parivftti	parivṛtti
pariviS	pariviś	pariviz	pariviṣ
paruSSas	paruśśas	paruSas	paruśas
patana	patana	pattana	pattana
pati	pati	patti	patti
pawI	paṭī	pawwI	paṭṭī
pawa	paṭa	pawwa	paṭṭa
pawaka	paṭaka	pawwaka	paṭṭaka
pawi	paṭi	pawwi	paṭṭi
pawikA	paṭikā	pawwikA	paṭṭikā
pawolikA	paṭolikā	pawwolikA	paṭṭolikā
peSI	peśī	pezI	peṣī
peSa	peśa	peza	peṣa
peSi	peśi	pezi	peṣi
peb	peb	pev	pev
piMS	piṃś	piMz	piṃṣ
piS	piś	piz	piṣ
pika	pika	pikka	pikka
pittakoSa	pittakośa	pittakoza	pittakoṣa
piwaka	piṭaka	piwwaka	piṭṭaka
plab	plab	plav	plav
potabaRij	potabaṇij	potavaRij	potavaṇij
powala	poṭala	powwala	poṭṭala
powalaka	poṭalaka	powwalaka	poṭṭalaka
prAbAlika	prābālika	prAvAlika	prāvālika
prAjYamAnin	prājñamānin	prAjYammAnin	prājñammānin
prAkfta	prākṛta	prAkkfta	prākkṛta
prEyameDa	praiyamedha	prEyyameDa	praiyyamedha
praGawaka	praghaṭaka	praGawwaka	praghaṭṭaka
praRuta	praṇuta	praRutta	praṇutta
prabAla	prabāla	pravAla	pravāla
prabAlaka	prabālaka	pravAlaka	pravālaka
prabAlika	prabālika	pravAlika	pravālika
prabaBra	prababhra	pravaBra	pravabhra
prabahlikA	prabahlikā	pravahlikA	pravahlikā
prabarham	prabarham	pravarham	pravarham
pracCana	pracchana	pracCanna	pracchanna
praji	praji	prajji	prajji
prakzIbita	prakṣībita	prakzIvita	prakṣīvita
pramata	pramata	pramatta	pramatta
pramfS	pramṛś	pramfz	pramṛṣ
pratIta	pratīta	pratItta	pratītta
prati	prati	pratti	pratti
pratibARi	pratibāṇi	prativARi	prativāṇi
pratibimba	pratibimba	prativimba	prativimba
pratizkaSa	pratiṣkaśa	pratizkaza	pratiṣkaṣa
pratyAya	pratyāya	pratyAyya	pratyāyya
pratyavamarSa	pratyavamarśa	pratyavamarza	pratyavamarṣa
pratyavamarSavat	pratyavamarśavat	pratyavamarzavat	pratyavamarṣavat
pratyavamfS	pratyavamṛś	pratyavamfz	pratyavamṛṣ
pravetf	pravetṛ	pravettf	pravettṛ
pravfta	pravṛta	pravftta	pravṛtta
pravilasena	pravilasena	pravillasena	pravillasena
prayata	prayata	prayatta	prayatta
pukkaSa	pukkaśa	pukkaza	pukkaṣa
pula	pula	pulla	pulla
purumAya	purumāya	purumAyya	purumāyya
puw	puṭ	puww	puṭṭ
qalaka	ḍalaka	qallaka	ḍallaka
qalana	ḍalana	qallana	ḍallana
rAjAna	rājāna	rAjAnna	rājānna
rAjabIjin	rājabījin	rAjavIjin	rājavījin
rAjabandin	rājabandin	rAjavandin	rājavandin
rAmabARa	rāmabāṇa	rAmavARa	rāmavāṇa
rada	rada	radda	radda
rajobala	rajobala	rajovala	rajovala
raka	raka	rakka	rakka
raktabIja	raktabīja	raktavIja	raktavīja
raktabIjakA	raktabījakā	raktavIjakA	raktavījakā
raktabindu	raktabindu	raktavindu	raktavindu
reb	reb	rev	rev
riS	riś	riz	riṣ
riSa	riśa	riza	riṣa
riSya	riśya	rizya	riṣya
ruMS	ruṃś	ruMz	ruṃṣ
ruS	ruś	ruz	ruṣ
ruSaNgu	ruśaṅgu	ruzaNgu	ruṣaṅgu
ruSad	ruśad	ruzad	ruṣad
ruSadgu	ruśadgu	ruzadgu	ruṣadgu
ruSadraTa	ruśadratha	ruzadraTa	ruṣadratha
ruSat	ruśat	ruzat	ruṣat
sAMGawika	sāṃghaṭika	sAMGawwika	sāṃghaṭṭika
sAbarRika	sābarṇika	sAvarRika	sāvarṇika
sAhAya	sāhāya	sAhAyya	sāhāyya
sAhAyaka	sāhāyaka	sAhAyyaka	sāhāyyaka
sAttvika	sāttvika	sAtvika	sātvika
sAya	sāya	sAyya	sāyya
sObalya	saubalya	sOvalya	sauvalya
sOhfdaya	sauhṛdaya	sOhfdayya	sauhṛdayya
sPiw	sphiṭ	sPiww	sphiṭṭ
sPuw	sphuṭ	sPuww	sphuṭṭ
sTUlapawa	sthūlapaṭa	sTUlapawwa	sthūlapaṭṭa
sUta	sūta	sUtta	sūtta
saMGaw	saṃghaṭ	saMGaww	saṃghaṭṭ
saMGawa	saṃghaṭa	saMGawwa	saṃghaṭṭa
saMGawana	saṃghaṭana	saMGawwana	saṃghaṭṭana
saMGawita	saṃghaṭita	saMGawwita	saṃghaṭṭita
saMveSa	saṃveśa	saMveza	saṃveṣa
saMvfta	saṃvṛta	saMvftta	saṃvṛtta
saMvfti	saṃvṛti	saMvftti	saṃvṛtti
saMviS	saṃviś	saMviz	saṃviṣ
saMyata	saṃyata	saMyatta	saṃyatta
sabala	sabala	savala	savala
sabalatA	sabalatā	savalatA	savalatā
saccit	saccit	sacit	sacit
sadyaHkfta	sadyaḥkṛta	sadyaHkftta	sadyaḥkṛtta
saj	saj	sajj	sajj
sajala	sajala	sajjala	sajjala
sajana	sajana	sajjana	sajjana
salloka	salloka	saloka	saloka
samA	samā	sammA	sammā
samAna	samāna	sammAna	sammāna
samAnana	samānana	sammAnana	sammānana
samApana	samāpana	samApanna	samāpanna
samAsana	samāsana	samAsanna	samāsanna
samAtf	samātṛ	sammAtf	sammātṛ
samAvfta	samāvṛta	samAvftta	samāvṛtta
samAyata	samāyata	samAyatta	samāyatta
samUQa	samūḍha	sammUQa	sammūḍha
samad	samad	sammad	sammad
samada	samada	sammada	sammada
samahas	samahas	sammahas	sammahas
saman	saman	samman	samman
samanas	samanas	sammanas	sammanas
samatA	samatā	sammatA	sammatā
samaya	samaya	sammaya	sammaya
sambfh	sambṛh	samvfh	samvṛh
sameta	sameta	sammeta	sammeta
samfta	samṛta	sammfta	sammṛta
sami	sami	sammi	sammi
samiSra	samiśra	sammiSra	sammiśra
samita	samita	sammita	sammita
samitam	samitam	sammitam	sammitam
samiti	samiti	sammiti	sammiti
sammata	sammata	sammatta	sammatta
sammoha	sammoha	samoha	samoha
sammuKa	sammukha	samuKa	samukha
sammuc	sammuc	samuc	samuc
sammud	sammud	samud	samud
sammuz	sammuṣ	samuz	samuṣ
samparivfta	samparivṛta	samparivftta	samparivṛtta
samprati	samprati	sampratti	sampratti
samuccita	samuccita	samucita	samucita
samudbfh	samudbṛh	samudvfh	samudvṛh
sanAman	sanāman	sannAman	sannāman
sana	sana	sanna	sanna
sanaka	sanaka	sannaka	sannaka
sani	sani	sanni	sanni
sanimat	sanimat	sannimat	sannimat
saqa	saḍa	saqqa	saḍḍa
sarb	sarb	sarv	sarv
sata	sata	satta	satta
satarka	satarka	sattarka	sattarka
sati	sati	satti	satti
satra	satra	sattra	sattra
saveSa	saveśa	saveza	saveṣa
saw	saṭ	saww	saṭṭ
sawa	saṭa	sawwa	saṭṭa
sbF	sbṝ	svF	svṝ
sela	sela	sella	sella
senAbindu	senābindu	senAvindu	senāvindu
sfka	sṛka	sfkka	sṛkka
siMhamala	siṃhamala	siMhamalla	siṃhamalla
skandaBawa	skandabhaṭa	skandaBawwa	skandabhaṭṭa
sparS	sparś	sparz	sparṣ
stabaka	stabaka	stavaka	stavaka
suBawa	subhaṭa	suBawwa	subhaṭṭa
suGawita	sughaṭita	suGawwita	sughaṭṭita
suKaSayA	sukhaśayā	suKaSayyA	sukhaśayyā
suSIma	suśīma	suzIma	suṣīma
suSamI	suśamī	suzamI	suṣamī
suSama	suśama	suzama	suṣama
suSavI	suśavī	suzavI	suṣavī
subAla	subāla	suvAla	suvāla
subAlaDi	subāladhi	suvAlaDi	suvāladhi
susaMvfta	susaṃvṛta	susaMvftta	susaṃvṛtta
susaMvfti	susaṃvṛti	susaMvftti	susaṃvṛtti
susaMyata	susaṃyata	susaMyatta	susaṃyatta
suveSa	suveśa	suveza	suveṣa
suvita	suvita	suvitta	suvitta
suw	suṭ	suww	suṭṭ
svana	svana	svanna	svanna
svavfti	svavṛti	svavftti	svavṛtti
ta	ta	tta	tta
tala	tala	talla	talla
talikA	talikā	tallikA	tallikā
taruSa	taruśa	taruza	taruṣa
tfRRa	tṛṇṇa	tfRa	tṛṇa
ti	ti	tti	tti
til	til	till	till
timiSa	timiśa	timiza	timiṣa
tiryaga	tiryaga	tiryagga	tiryagga
titiri	titiri	tittiri	tittiri
toSa	tośa	toza	toṣa
totalA	totalā	tottalA	tottalā
trasadasyu	trasadasyu	trasaddasyu	trasaddasyu
trimala	trimala	trimalla	trimalla
trivftA	trivṛtā	trivfttA	trivṛttā
tuS	tuś	tuz	tuṣ
tubara	tubara	tuvara	tuvara
tuka	tuka	tukka	tukka
tuna	tuna	tunna	tunna
tuq	tuḍ	tuqq	tuḍḍ
uSIra	uśīra	uzIra	uṣīra
uSat	uśat	uzat	uṣat
uSatI	uśatī	uzatI	uṣatī
uSija	uśija	uzija	uṣija
uccita	uccita	ucita	ucita
udAna	udāna	uddAna	uddāna
udAsa	udāsa	uddAsa	uddāsa
udAsin	udāsin	uddAsin	uddāsin
udAya	udāya	uddAya	uddāya
udGaw	udghaṭ	udGaww	udghaṭṭ
udGawita	udghaṭita	udGawwita	udghaṭṭita
udIkzA	udīkṣā	uddIkzA	uddīkṣā
udIpa	udīpa	uddIpa	uddīpa
udIrRa	udīrṇa	uddIrRa	uddīrṇa
udaRqapAla	udaṇḍapāla	uddaRqapAla	uddaṇḍapāla
udabindu	udabindu	udavindu	udavindu
udakabindu	udakabindu	udakavindu	udakavindu
udala	udala	uddala	uddala
udbAzpa	udbāṣpa	udvAzpa	udvāṣpa
udbfMhaRa	udbṛṃhaṇa	udvfMhaRa	udvṛṃhaṇa
uddita	uddita	udita	udita
uddrAva	uddrāva	udrAva	udrāva
udduz	udduṣ	uduz	uduṣ
udvelita	udvelita	udvellita	udvellita
ula	ula	ulla	ulla
ulba	ulba	ulva	ulva
ulbaRA	ulbaṇā	ulvaRA	ulvaṇā
ulbaRa	ulbaṇa	ulvaRa	ulvaṇa
upAvfta	upāvṛta	upAvftta	upāvṛtta
upabarha	upabarha	upavarha	upavarha
upabfMhaRa	upabṛṃhaṇa	upavfMhaRa	upavṛṃhaṇa
upabfMhin	upabṛṃhin	upavfMhin	upavṛṃhin
upabindu	upabindu	upavindu	upavindu
upablaya	upablaya	upavlaya	upavlaya
upapati	upapati	upapatti	upapatti
upaveSa	upaveśa	upaveza	upaveṣa
upaviS	upaviś	upaviz	upaviṣ
upota	upota	upotta	upotta
urubilvA	urubilvā	uruvilvA	uruvilvā
uta	uta	utta	utta
utaNka	utaṅka	uttaNka	uttaṅka
utaNkameGa	utaṅkamegha	uttaNkameGa	uttaṅkamegha
utaTya	utathya	uttaTya	uttathya
vAgBawa	vāgbhaṭa	vAgBawwa	vāgbhaṭṭa
vAgguRa	vāgguṇa	vAguRa	vāguṇa
vAgguli	vāgguli	vAguli	vāguli
vAqaba	vāḍaba	vAqava	vāḍava
vArSa	vārśa	vArza	vārṣa
vArabARa	vārabāṇa	vAravARa	vāravāṇa
vArbawa	vārbaṭa	vArvawa	vārvaṭa
vAribAlaka	vāribālaka	vArivAlaka	vārivālaka
vArtAka	vārtāka	vArttAka	vārttāka
vArtikA	vārtikā	vArttikA	vārttikā
vArtika	vārtika	vArttika	vārttika
vAvala	vāvala	vAvalla	vāvalla
vAwaka	vāṭaka	vAwwaka	vāṭṭaka
vAya	vāya	vAyya	vāyya
vESadya	vaiśadya	vEzadya	vaiṣadya
vEcittya	vaicittya	vEcitya	vaicitya
vEmatAyana	vaimatāyana	vEmattAyana	vaimattāyana
vEmatAyanaka	vaimatāyanaka	vEmattAyanaka	vaimattāyanaka
vEyAvfttya	vaiyāvṛttya	vEyAvftya	vaiyāvṛtya
vEyAvfttyakara	vaiyāvṛttyakara	vEyAvftyakara	vaiyāvṛtyakara
vIta	vīta	vItta	vītta
vaS	vaś	vaz	vaṣ
vadaka	vadaka	vaddaka	vaddaka
vajrabIjaka	vajrabījaka	vajravIjaka	vajravījaka
vajrabaDa	vajrabadha	vajravaDa	vajravadha
vak	vak	vakk	vakk
vakkula	vakkula	vakula	vakula
vaktrapawa	vaktrapaṭa	vaktrapawwa	vaktrapaṭṭa
val	val	vall	vall
valI	valī	vallI	vallī
vala	vala	valla	valla
valaka	valaka	vallaka	vallaka
valana	valana	vallana	vallana
vali	vali	valli	valli
valimat	valimat	vallimat	vallimat
vanA	vanā	vannA	vannā
vanabAhyaka	vanabāhyaka	vanavAhyaka	vanavāhyaka
vanabIja	vanabīja	vanavIja	vanavīja
vanabarhiRa	vanabarhiṇa	vanavarhiRa	vanavarhiṇa
vanabiqAla	vanabiḍāla	vanaviqAla	vanaviḍāla
vapa	vapa	vappa	vappa
vaqaba	vaḍaba	vaqava	vaḍava
varSman	varśman	varzman	varṣman
varmakaSA	varmakaśā	varmakazA	varmakaṣā
vaw	vaṭ	vaww	vaṭṭ
vawa	vaṭa	vawwa	vaṭṭa
vawaka	vaṭaka	vawwaka	vaṭṭaka
vaya	vaya	vayya	vayya
veRA	veṇā	veRRA	veṇṇā
veSa	veśa	veza	veṣa
veSaDara	veśadhara	vezaDara	veṣadhara
veSadAna	veśadāna	vezadAna	veṣadāna
veSavat	veśavat	vezavat	veṣavat
veSin	veśin	vezin	veṣin
veSya	veśya	vezya	veṣya
vedabAhya	vedabāhya	vedavAhya	vedavāhya
vel	vel	vell	vell
vela	vela	vella	vella
velaja	velaja	vellaja	vellaja
velikA	velikā	vellikA	vellikā
venA	venā	vennA	vennā
vfS	vṛś	vfz	vṛṣ
vfSA	vṛśā	vfzA	vṛṣā
vfSI	vṛśī	vfzI	vṛṣī
vfSa	vṛśa	vfza	vṛṣa
vfkA	vṛkā	vfkkA	vṛkkā
vfka	vṛka	vfkka	vṛkka
vfta	vṛta	vftta	vṛtta
vfti	vṛti	vftti	vṛtti
vftiBaNga	vṛtibhaṅga	vfttiBaNga	vṛttibhaṅga
vftivallaBa	vṛtivallabha	vfttivallaBa	vṛttivallabha
viGaw	vighaṭ	viGaww	vighaṭṭ
viGawana	vighaṭana	viGawwana	vighaṭṭana
viGawita	vighaṭita	viGawwita	vighaṭṭita
viS	viś	viz	viṣ
viSAya	viśāya	vizAya	viṣāya
viSAyin	viśāyin	vizAyin	viṣāyin
viSa	viśa	viza	viṣa
viSada	viśada	vizada	viṣada
viSala	viśala	vizala	viṣala
viSaya	viśaya	vizaya	viṣaya
viSayavat	viśayavat	vizayavat	viṣayavat
viSayin	viśayin	vizayin	viṣayin
viSayitva	viśayitva	vizayitva	viṣayitva
viSita	viśita	vizita	viṣita
viSva	viśva	vizva	viṣva
viSvaYc	viśvañc	vizvaYc	viṣvañc
viSvadryaYc	viśvadryañc	vizvadryaYc	viṣvadryañc
viSvagaSva	viśvagaśva	vizvagaSva	viṣvagaśva
viSvaggati	viśvaggati	vizvaggati	viṣvaggati
viSvagjyotis	viśvagjyotis	vizvagjyotis	viṣvagjyotis
viSvaksena	viśvaksena	vizvaksena	viṣvaksena
viSya	viśya	vizya	viṣya
vibala	vibala	vivala	vivala
vibboka	vibboka	vivvoka	vivvoka
vibfh	vibṛh	vivfh	vivṛh
vicita	vicita	vicitta	vicitta
viciti	viciti	vicitti	vicitti
vidAya	vidāya	vidAyya	vidāyya
vijala	vijala	vijjala	vijjala
vijjula	vijjula	vijula	vijula
vikASin	vikāśin	vikAzin	vikāṣin
vika	vika	vikka	vikka
vikartf	vikartṛ	vikarttf	vikarttṛ
vikfS	vikṛś	vikfz	vikṛṣ
vikraya	vikraya	vikrayya	vikrayya
vila	vila	villa	villa
vimarSa	vimarśa	vimarza	vimarṣa
vimarSin	vimarśin	vimarzin	vimarṣin
vimata	vimata	vimatta	vimatta
vimfS	vimṛś	vimfz	vimṛṣ
vinA	vinā	vinnA	vinnā
vinikfta	vinikṛta	vinikftta	vinikṛtta
vipracita	vipracita	vipracitta	vipracitta
viqa	viḍa	viqqa	viḍḍa
vitfRRa	vitṛṇṇa	vitfRa	vitṛṇa
viti	viti	vitti	vitti
vivftA	vivṛtā	vivfttA	vivṛttā
vivftAkza	vivṛtākṣa	vivfttAkza	vivṛttākṣa
vivftAsya	vivṛtāsya	vivfttAsya	vivṛttāsya
vivfta	vivṛta	vivftta	vivṛtta
vivfti	vivṛti	vivftti	vivṛtti
vizuvaddina	viṣuvaddina	vizuvadina	viṣuvadina
vyAbADa	vyābādha	vyAvADa	vyāvādha
vyAlabala	vyālabala	vyAlavala	vyālavala
vyAmarSa	vyāmarśa	vyAmarza	vyāmarṣa
vyApana	vyāpana	vyApanna	vyāpanna
vyAvfta	vyāvṛta	vyAvftta	vyāvṛtta
vyAvfti	vyāvṛti	vyAvftti	vyāvṛtti
vyaqa	vyaḍa	vyaqqa	vyaḍḍa
vyarRRa	vyarṇṇa	vyarRa	vyarṇa
vyuta	vyuta	vyutta	vyutta
wiwiBaka	ṭiṭibhaka	wiwwiBaka	ṭiṭṭibhaka
yaTAsanam	yathāsanam	yaTAsannam	yathāsannam
yata	yata	yatta	yatta
yavAna	yavāna	yavAnna	yavānna
zaw	ṣaṭ	zaww	ṣaṭṭ
